,course_link,course_title,course_type,author,price,price_with_video,course_rating,course_rating_count,rubies,target_color,beginning,casual,intermediate,advanced,expert,language,instruction_word_count,free_video,trainable_variations,avg_line_depth,released_on,support_level,section
0,short-sweet-legendary-tactics/course/47106/,Short & Sweet: Legendary Tactics,Tactics/Strategy course,GM GM Pascal Charbonneau,0.0,,4,30,14,both pieces,1,1,1,1,1,English,"1,212",1 hour and 59 minutes,24,9.29,"Jul 24, 2020",High,Titled player
1,chessable-masters-tournament/course/43805/,Chessable Masters Tournament,Tactics/Strategy course,Chessable,0.0,,4,88,59,both pieces,0,1,1,1,0,English,126,4 hours and 31 minutes,65,16.36,"Jun 21, 2020",High,Titled player
2,short-sweet-the-black-lion/course/35086/,Short & Sweet: The Black Lion,Opening course,GM GingerGM,0.0,,4,198,119,black pieces,1,1,1,0,0,English,"6,210",1 hour and 5 minutes,24,13.63,"Mar 11, 2020",High,Titled player
3,short-and-sweet-jan-gustafssons-1-e4-e5/course/31256/,Short and Sweet: Jan Gustafsson's 1. e4 e5,Opening course,Chessable,0.0,,4,242,123,black pieces,1,1,1,0,0,English,"9,820",,37,17.0,"Dec 13, 2019",High,Community
4,short-sweet-queens-gambit-declined/course/34082/,Short & Sweet: Queen's Gambit Declined,Opening course,GM Alex Colovic,0.0,,4,73,44,black pieces,1,1,1,0,0,English,"3,932",38 minutes,20,15.83,"Jun 19, 2020",High,Titled player
5,short-sweet-1d4/course/38693/,Short & Sweet: 1.d4,Opening course,FM Daniel Barrish,0.0,,4,128,56,white pieces,1,1,1,0,0,English,"20,566",1 hour and 28 minutes,31,16.1,"May 06, 2020",Low,Titled player
6,short-sweet-accelerated-queens-indian-defense/course/38190/,Short & Sweet: Accelerated Queen's Indian Defense,Opening course,"FM Yuriy Krykun (2506 USCF, 2382 FIDE)",0.0,,4,82,45,black pieces,1,1,1,0,0,English,"8,420",1 hour and 7 minutes,20,9.92,"May 13, 2020",High,Titled player
7,endgame-bootcamp-with-john-bartholomew/course/33597/,Endgame Bootcamp with John Bartholomew,Endgame course,"IM John Bartholomew (2534 USCF, 2446 FIDE)",0.0,,4,389,236,both pieces,1,1,1,0,0,English,"2,860",39 minutes,19,5.05,"Jan 21, 2020",High,Titled player
8,basic-checkmate-patterns/course/45122/,Basic Checkmate Patterns,Tactics course,"CraftyRaf & IM John Bartholomew (2534 USCF, 2446 FIDE)",0.0,,4,120,41,both pieces,1,1,1,0,0,English,658,1 hour and 14 minutes,34,2.76,"Jun 30, 2020",High,Titled player
9,short-sweet-the-caro-kann/course/45388/,Short & Sweet: The Caro-Kann,Opening course,GM erwinlami (2620 FIDE),0.0,,4,36,38,black pieces,1,1,1,0,0,English,"10,833",1 hour and 18 minutes,25,14.85,"Jul 08, 2020",High,Titled player
10,sac-sac-mate-/course/42579/,"Sac, Sac, Mate!",Tactics/Strategy course,GM Simon Williams & Chessable,0.0,,4,172,127,both pieces,0,1,1,0,0,English,769,32 minutes,19,10.23,"Jun 01, 2020",Community,Publisher
11,short-sweet-the-trompowsky/course/29014/,Short & Sweet: The Trompowsky,Opening course,"FM Kamil Plichta (3129 Online Rating, 2361 FIDE)",0.0,,4,62,20,white pieces,0,1,1,1,1,English,"5,694",57 minutes,20,15.13,"Apr 15, 2020",High,Titled player
12,short-sweet-four-knights-sicilian/course/35674/,Short & Sweet: Four Knights Sicilian,Opening course,"FM Kamil Plichta (3129 Online Rating, 2361 FIDE)",0.0,,4,65,41,black pieces,0,1,1,1,1,English,"6,557",1 hour and 9 minutes,23,16.57,"Mar 05, 2020",High,Titled player
13,short-sweet-1-d4-for-mad-men/course/38275/,Short & Sweet: 1. d4 for Mad Men,Opening course,"FM Kamil Plichta (3129 Online Rating, 2361 FIDE)",0.0,,4,54,55,white pieces,1,1,1,1,0,English,0,56 minutes,23,11.0,"Apr 15, 2020",High,Titled player
14,short-sweet-the-dutch/course/26772/,Short & Sweet: The Dutch,Opening course,GM GingerGM,0.0,,4,180,208,black pieces,1,1,1,1,0,English,"5,963",52 minutes,18,13.32,"Sep 04, 2019",Low,Titled player
15,short-sweet-the-magnus-sicilian/course/30136/,Short & Sweet: The Magnus Sicilian,Opening course,IM Chessexplained,0.0,,4,405,324,black pieces,1,1,1,0,0,English,"10,733",1 hour and 58 minutes,25,15.04,"Nov 18, 2019",High,Titled player
16,short-sweet-the-jobava-london-system/course/29129/,Short & Sweet: The Jobava London System,Opening course,GM GingerGM,0.0,,4,251,141,white pieces,1,1,1,0,0,English,"4,765",60 minutes,20,13.68,"Oct 23, 2019",Medium,Titled player
17,short-sweet-the-ragozin/course/27861/,Short & Sweet: The Ragozin,Opening course,IM Christof Sielecki & FM Daniel Barrish,0.0,,4,66,38,black pieces,1,1,1,0,0,No language,"5,863",47 minutes,23,12.8,"Oct 16, 2019",Medium,Titled player
18,short-sweet-the-modern-defense/course/34278/,Short & Sweet - The Modern Defense,Opening course,"CM Vjekoslav (2600 Online Rating, 2177 FIDE)",0.0,,4,61,64,black pieces,1,1,1,0,0,No language,"19,037",1 hour and 54 minutes,22,16.45,"Feb 12, 2020",High,Titled player
19,short-sweet-semi-slav/course/35319/,Short & Sweet: Semi-Slav,Opening course,GM samshankland,0.0,,4,111,91,black pieces,1,1,1,0,0,English,"5,379",50 minutes,26,14.11,"Apr 08, 2020",High,Titled player
20,short-sweet-the-kings-indian/course/31739/,Short & Sweet - The King's Indian,Opening course,"FM Kamil Plichta (3129 Online Rating, 2361 FIDE)",0.0,,4,98,42,black pieces,1,1,1,0,0,No language,"15,738",1 hour and 8 minutes,26,17.31,"Dec 18, 2019",Unspecified,Titled player
21,short-sweet-colle-zukertort/course/31242/,Short & Sweet: Colle-Zukertort,Opening course,Thinkers Publishing,0.0,,4,126,137,white pieces,1,1,1,0,0,English,0,,20,14.95,"Feb 19, 2020",Community,Publisher
22,short-sweet-the-alekhine-defense/course/25399/,Short & Sweet: The Alekhine Defense,Opening course,NM Bryan Tillis (2274 USCF),0.0,,4,172,230,black pieces,1,1,1,0,0,No language,"5,408",43 minutes,18,14.13,"Jul 12, 2019",High,Titled player
23,short-sweet-anti-sicilians-/course/31820/,Short & Sweet: Anti-Sicilians,Opening course,GM Alex Colovic,0.0,,4,79,28,black pieces,1,1,1,0,0,English,"6,306",57 minutes,19,11.42,"Jan 17, 2020",High,Titled player
24,candidates-2020/course/34649/,Candidates 2020,Strategy/Tactics course,GM Harikrishna & Chessable,0.0,,4,125,101,both pieces,1,1,1,1,1,English,"20,172",3 hours and 51 minutes,66,21.16,"Mar 16, 2020",High,Publisher
25,short-sweet-the-french-defense/course/25950/,Short & Sweet: The French Defense,Opening course,NM Bryan Tillis (2274 USCF),0.0,,4,281,170,black pieces,1,1,1,0,0,English,"3,742",1 hour and 4 minutes,17,13.53,"Aug 16, 2019",High,Titled player
26,short-sweet-the-vienna-game/course/28518/,Short & Sweet: The Vienna Game,Opening course,GM Marian Petrov & Chessable,0.0,,4,84,56,white pieces,0,1,1,1,0,English,"4,005",,20,16.55,"Oct 29, 2019",Community,Publisher
27,short-sweet-the-aggressive-queens-gambit-declined/course/46204/,Short & Sweet: The Aggressive Queen's Gambit Declined,Opening course,NM Bryan Tillis (2274 USCF),0.0,,4,16,6,black pieces,1,1,1,1,0,English,"5,354",45 minutes,20,12.5,"Jul 22, 2020",High,Titled player
28,short-sweet-logozars-1e4-repertoire/course/27530/,Short & Sweet: Logozar's 1.e4 repertoire,Opening course,"NM logozar (2588 Online Rating, 2226 USCF, 2058 FIDE)",0.0,,4,147,133,white pieces,0,1,1,1,0,No language,"21,645",,68,12.77,"Nov 04, 2019",High,Titled player
29,short-sweet-the-london-system/course/5774/,Short & Sweet: The London System,Opening course,Chessable,0.0,,4,602,380,white pieces,1,1,1,0,0,English,"7,103",,22,9.17,"May 24, 2017",High,Titled player
30,short-sweet-the-rti/course/27306/,Short & Sweet: The Réti,Opening course,"IM Ahmad_Alkhatib (2359 Online Rating, 2271 FIDE)",0.0,,4,104,56,white pieces,1,1,1,1,0,English,"5,719",,21,14.23,"Sep 05, 2019",High,Titled player
31,the-magnus-touch-free-strategy-lesson/course/40115/,The Magnus Touch: Free Strategy Lesson,Strategy/Tactics course,"GM Nielsen, IM Sielecki, IM Bartholomew & GM MagnusCarlsen",0.0,,4,130,249,both pieces,0,0,1,1,1,English,"2,618",27 minutes,12,5.23,"May 08, 2020",High,Titled player
32,short-sweet-the-petroff/course/17076/,Short & Sweet: The Petroff,Opening course,IM Chessexplained,0.0,,4,241,216,black pieces,1,1,1,0,0,English,"3,512",57 minutes,21,11.23,"Nov 22, 2018",Unspecified,Titled player
33,short-sweet-the-kings-indian-attack/course/27065/,Short & Sweet: The King's Indian Attack,Opening course,"FM Kamil Plichta (3129 Online Rating, 2361 FIDE)",0.0,,4,140,109,white pieces,0,1,1,1,1,No language,"6,540",2 hours and 5 minutes,26,15.82,"Aug 27, 2019",High,Titled player
34,tournament-tactics-tata-steel-chess-2020/course/32465/,Tournament Tactics: Tata Steel Chess 2020,Tactics/Strategy course,GM Pentala Harikrishna & Chessable,0.0,,4,122,70,both pieces,0,1,1,1,1,No language,"13,158",3 hours and 21 minutes,146,8.06,"Jan 10, 2020",High,Community
35,short-sweet-the-nimzo-indian/course/27858/,Short & Sweet: The Nimzo-Indian,Opening course,FM Daniel Barrish & IM Chessexplained,0.0,,4,132,50,black pieces,1,1,1,0,0,English,"6,723",57 minutes,21,11.83,"Oct 16, 2019",Medium,Titled player
36,short-sweet-the-sicilian-dragon/course/31190/,Short & Sweet: The Sicilian Dragon,Opening course,"IM Ahmad_Alkhatib (2359 Online Rating, 2271 FIDE)",0.0,,4,77,39,black pieces,1,1,1,0,0,English,"3,498",,21,17.43,"Dec 05, 2019",High,Titled player
37,short-sweet-fischer-random-chess/course/38627/,Short & Sweet: Fischer Random Chess,Tactics/Strategy course,GM Wesley So & Chessable,0.0,,4,32,25,both pieces,1,1,1,0,0,English,0,1 hour and 19 minutes,25,5.12,"Apr 24, 2020",Medium,Titled player
38,short-sweet-the-najdorf-sicilian/course/23541/,Short & Sweet: The Najdorf Sicilian,Opening course,GM Alex Colovic,0.0,,4,262,215,black pieces,1,1,1,0,0,English,"2,241",50 minutes,20,11.9,"May 23, 2019",High,Titled player
39,knights-on-the-attack/course/16475/,Knights on the Attack,Tactics course,AlanB,0.0,,4,488,543,both pieces,1,1,0,0,0,English,"1,891",,200,2.22,"Nov 07, 2018",Medium,Community
40,rooks-on-the-attack/course/16988/,Rooks on the Attack,Tactics course,AlanB,0.0,,4,272,238,both pieces,1,1,0,0,0,English,"3,316",,200,2.64,"Dec 18, 2018",Medium,Community
41,pawns-on-the-attack/course/16989/,Pawns on the Attack,Tactics course,AlanB,0.0,,4,177,212,both pieces,1,1,1,0,0,English,"8,353",,200,3.62,"Oct 02, 2019",High,Community
42,queen-on-the-attack/course/16990/,Queen on the Attack,Tactics course,AlanB,0.0,,4,176,160,both pieces,1,1,1,0,0,English,"5,662",,225,2.85,"Feb 04, 2019",High,Community
43,king-on-the-attack/course/16860/,King on the Attack,Tactics course,AlanB,0.0,,4,138,139,both pieces,1,1,0,0,0,English,"2,640",,60,3.14,"Apr 10, 2019",High,Community
44,twitterchesstournament-tactics/course/28831/,#TwitterChessTournament Tactics,Tactics course,"wmiltti (2250 Online Rating, 2050 FIDE)",0.0,,4,67,47,both pieces,1,1,1,0,0,English,"4,796",,65,4.49,"Oct 30, 2019",High,Community
45,two-knights-defense/course/18646/,Two Knights Defense,Opening course,FM andreyt (2303 FIDE),0.0,,4,81,177,black pieces,1,1,1,1,0,English,"23,218",,54,21.49,"Oct 30, 2019",Medium,Titled player
46,the-caro-kann-starter-kit/course/25098/,The Caro-Kann Starter Kit,Opening course,"Theoryhack (2202 Online Rating, 184 ECF)",0.0,,4,156,85,black pieces,1,1,1,0,0,No language,"9,692",,24,13.94,"Sep 25, 2019",Medium,Community
47,trompowsky-tactics/course/16534/,Trompowsky Tactics,Tactics course,JeroenW (2147 FIDE),0.0,,4,62,38,both pieces,0,1,1,1,0,English,"1,557",,123,20.53,"Nov 22, 2018",Low,Community
48,im-john-bartholomews-1d4-repertoire-for-white/course/102/,IM John Bartholomew's 1.d4 Repertoire for White,Opening course,"IM John Bartholomew (2534 USCF, 2446 FIDE)",0.0,,4,719,948,white pieces,0,0,1,0,0,English,"6,049",,45,10.2,,Unspecified,Titled player
49,olympiad-tactics-2018/course/15352/,Olympiad Tactics 2018,Tactics course,"Geert van der Velde aka Geert (2078 Online Rating, 1632 FIDE)",0.0,,4,367,899,both pieces,0,1,1,1,0,English,"12,514",,112,4.97,"Oct 02, 2018",High,Community
50,essential-rp-vs-r-endings/course/90/,Essential R+P vs. R Endings,Endgame course,"IM John Bartholomew (2534 USCF, 2446 FIDE)",0.0,,4,525,499,white pieces,1,1,1,1,0,English,291,,11,6.0,,Unspecified,Titled player
51,1d4-a-comprehensive-white-repertoire/course/3529/,1.d4: A Comprehensive White Repertoire,Opening course,"GermanMC (2044 USCF, 1850 FIDE)",0.0,,4,138,112,white pieces,0,0,1,1,0,English,"7,463",,146,13.45,"Nov 02, 2016",Unspecified,Community
52,taming-the-tennison-gambit/course/21779/,Taming the Tennison Gambit,Opening course,IndrekR (2200 Online Rating),0.0,,4,33,61,both pieces,1,1,1,1,0,No language,"1,216",,15,9.76,"Apr 10, 2019",High,Community
53,steinitzs-efficient-attacking-masterpiece/course/23317/,Steinitz's Efficient Attacking Masterpiece,Strategy course,"IM John Bartholomew (2534 USCF, 2446 FIDE)",0.0,,4,55,62,white pieces,1,1,1,1,0,English,28,,1,35.0,"May 08, 2019",Unspecified,Titled player
54,evans-gambit/course/6938/,Evans Gambit,Opening course,Frank_S,0.0,,4,65,54,white pieces,0,0,0,0,0,English,63,,29,8.81,"Jun 29, 2018",Unspecified,Community
55,the-tournament-starter-kit/course/43808/,The Tournament Starter Kit,Tactics/Strategy course,GM Daniel King & WFM Sarah Longson & UK Chess Challenge,0.0,,4,39,32,both pieces,1,1,0,0,0,English,930,,50,2.47,"Jun 17, 2020",High,Publisher
56,moving-chess-pieces/course/3361/,Moving Chess Pieces,Strategy course,simplydt,0.0,,3,29,22,white pieces,0,0,0,0,0,No language,0,,4,3.0,,Unspecified,Community
57,trappy-repertoire-for-black-against-1e4-and-1d4/course/1570/,Trappy Repertoire for Black against 1.e4 and 1.d4,Opening course,psilohead,0.0,,4,48,108,black pieces,0,0,1,0,0,English,"1,937",,45,11.29,"Apr 09, 2016",Unspecified,Community
58,destroying-the-dutch/course/12327/,Destroying the Dutch,Opening course,IndrekR (2200 Online Rating),0.0,,4,67,95,white pieces,1,1,1,1,0,English,"1,751",,30,12.29,"Jul 12, 2018",Medium,Community
59,the-immortal-draw/course/1835/,The Immortal Draw,Strategy course,"IM John Bartholomew (2534 USCF, 2446 FIDE)",0.0,,4,46,90,both pieces,0,1,1,1,0,English,0,,1,18.0,"Apr 28, 2016",Unspecified,Titled player
60,morphys-opera-house-game/course/1073/,Morphy's Opera House Game,Strategy course,"IM John Bartholomew (2534 USCF, 2446 FIDE)",0.0,,4,202,150,white pieces,0,1,1,1,0,English,965,,1,17.0,"Mar 07, 2016",Unspecified,Titled player
61,queens-indian-defense-tournament-edition/course/2358/,Queen's Indian Defense- Tournament Edition,Opening course,"GermanMC (2044 USCF, 1850 FIDE)",0.0,,4,70,52,black pieces,0,0,1,0,0,English,"1,281",,27,10.93,"Jun 20, 2016",Unspecified,Community
62,smithys-opening-fundamentals/course/21302/,Smithy's Opening Fundamentals,Opening course,SmithyQ (2100 Online Rating),0.0,,4,212,617,both pieces,1,1,0,0,0,English,"36,682",51 minutes,53,8.61,"Jun 26, 2019",Medium,Community
63,nimzo-indian-defense-tournament-edition/course/2359/,Nimzo-Indian Defense- Tournament Edition,Opening course,"GermanMC (2044 USCF, 1850 FIDE)",0.0,,4,138,111,black pieces,0,0,1,0,0,English,"1,632",,37,10.73,"Jun 18, 2016",Unspecified,Community
64,the-kings-indian-in-thirty-classic-games/course/9016/,The King's Indian in thirty classic games.,Opening course,"Theoryhack (2202 Online Rating, 184 ECF)",0.0,,4,78,139,black pieces,0,1,1,1,0,English,"6,055",,30,36.1,"Dec 20, 2017",Medium,Community
65,11-opening-traps-with-1e4/course/570/,11 Opening Traps with 1.e4,Opening course,"IM John Bartholomew (2534 USCF, 2446 FIDE)",0.0,,4,269,219,white pieces,0,0,1,0,0,English,"2,362",,10,8.82,,Unspecified,Titled player
66,sicilian-sampler/course/1338/,Sicilian Sampler,Opening course,psilohead,0.0,,4,53,47,black pieces,0,0,1,0,0,English,4,,25,11.16,"Mar 19, 2016",Unspecified,Community
67,tutorial-fight-like-magnus/course/30270/,Tutorial: Fight Like Magnus,Opening course,IM Chessexplained,0.0,,4,99,12,black pieces,1,0,0,0,0,English,"1,155",,4,6.0,,High,Community
68,trample-the-trompowsky/course/3656/,Trample the Trompowsky,Opening course,psilohead,0.0,,3,27,18,black pieces,0,1,1,0,0,English,"4,721",,27,20.11,"Nov 10, 2016",Unspecified,Community
69,vienna-game-frankenstein-dracula-variation/course/29512/,Vienna Game: Frankenstein-Dracula Variation,Opening course,johnchernoff (2220 USCF),0.0,,4,16,30,both pieces,0,0,1,1,1,No language,"6,374",,22,18.26,"Oct 31, 2019",Unspecified,Community
70,sicilian-sacrifices-20-annotated-games/course/9548/,Sicilian Sacrifices: 20 annotated games,Opening course,"NM logozar (2588 Online Rating, 2226 USCF, 2058 FIDE)",0.0,,4,51,73,white pieces,0,0,0,0,0,English,"9,225",,29,11.67,"Jan 24, 2018",High,Titled player
71,black-vs-anti-sicilians-tournament-edition/course/2385/,Black vs. Anti-Sicilians- Tournament Edition,Opening course,"GermanMC (2044 USCF, 1850 FIDE)",0.0,,4,66,179,black pieces,0,0,1,0,0,English,"1,614",,39,10.59,"Jun 24, 2016",Unspecified,Community
72,dodgys-e4-e5-tactics/course/10579/,Dodgy's e4 e5 Tactics,Tactics course,"Dodgy (189 ECF, 2046 FIDE)",0.0,,4,167,160,both pieces,1,1,1,1,0,English,"1,186",,249,13.28,"Mar 21, 2018",High,Community
73,gm-rafael-leitaos-fight-the-slav-defense/course/3676/,GM Rafael Leitao's: Fight The Slav Defense,Opening course,GM Rafael Leitao (2618 FIDE),0.0,,4,62,130,white pieces,0,0,1,1,0,English,"2,549",,40,15.48,"Nov 10, 2016",Low,Titled player
74,essential-endings-playing-rb-vs-r/course/5980/,Essential Endings: Playing R+B vs. R,Endgame course,"laudic (2000 Online Rating, 1900 FIDE)",0.0,,4,100,67,white pieces,0,0,1,1,0,English,500,,5,11.86,"Jun 04, 2017",Medium,Community
75,short-sweet-the-scotch-game/course/5479/,Short & Sweet: The Scotch Game,Opening course,Chessable,0.0,,4,254,212,white pieces,1,1,1,0,0,English,"5,225",,16,10.0,"May 10, 2017",High,Titled player
76,im-john-bartholomews-scandinavian-free-version/course/104/,IM John Bartholomew's Scandinavian (FREE version),Opening course,"IM John Bartholomew (2534 USCF, 2446 FIDE)",0.0,,4,475,525,black pieces,0,0,1,1,0,English,"3,255",,56,10.26,,Unspecified,Titled player
77,centre-game/course/872/,Centre game,Opening course,"Evilgenius0070 (2230 Online Rating, 2050 USCF, 2012 FIDE)",0.0,,3,28,20,black pieces,0,0,1,0,0,English,430,,5,10.8,,Unspecified,Community
78,tactical-resources-creative-attack-defense/course/37740/,Tactical Resources: Creative Attack & Defense,Tactics course,"FM 16wise (2342 USCF, 2240 FIDE)",0.0,,4,39,29,both pieces,0,0,1,1,1,English,568,,36,5.39,"May 27, 2020",High,Titled player
79,danish-gambit-for-white/course/891/,Danish Gambit for White,Opening course,"Evilgenius0070 (2230 Online Rating, 2050 USCF, 2012 FIDE)",0.0,,4,54,49,white pieces,0,0,1,0,0,English,324,,7,9.14,"Mar 03, 2016",Unspecified,Community
80,scandi-supplemental-white-does-not-move-2exd5/course/899/,"Scandi supplemental, white DOES NOT move 2.exd5",Opening course,psilohead,0.0,,4,34,53,black pieces,0,0,1,0,0,English,619,,17,10.59,"Mar 03, 2016",Unspecified,Community
81,extensive-detailed-sicilian-repertoire-previewfree-version/course/1671/,Extensive & Detailed Sicilian repertoire (preview/Free Version),Opening course,"Evilgenius0070 (2230 Online Rating, 2050 USCF, 2012 FIDE)",0.0,,4,86,183,black pieces,0,0,1,0,0,English,"4,118",,26,11.81,"Apr 18, 2016",Unspecified,Community
82,short-sweet-the-italian-game/course/4999/,Short & Sweet: The Italian Game,Opening course,Chessable,0.0,,4,248,54,white pieces,1,1,1,0,0,English,"4,546",,13,9.46,"Apr 06, 2017",High,Titled player
83,short-games-to-memorize/course/4488/,Short Games to Memorize,Opening course,psilohead,0.0,,4,57,305,both pieces,1,1,1,0,0,English,685,,50,11.88,"Jan 23, 2017",Low,Community
84,i-hate-the-alapin-2-c3/course/5514/,I hate the Alapin (2. c3),Opening course,Mr.Abraham (2054 Online Rating),0.0,,4,32,13,black pieces,0,1,1,1,0,English,0,,23,15.48,"Jun 22, 2017",Unspecified,Community
85,korchmar-poliak-1931-the-ukrainian-immortal/course/8843/,Korchmar - Poliak 1931: The Ukrainian Immortal.,Opening course,"Theoryhack (2202 Online Rating, 184 ECF)",0.0,,4,25,17,white pieces,1,1,1,1,0,English,266,,1,23.0,"Dec 12, 2017",Community,Community
86,a-beginners-blitz-repertoire/course/7832/,A beginner's blitz repertoire,Opening course,"Theoryhack (2202 Online Rating, 184 ECF)",0.0,,4,54,116,white pieces,1,1,1,0,0,English,"3,304",,33,14.91,"Oct 19, 2017",Medium,Community
87,ruy-lopez-masterclass-edition/course/3489/,Ruy Lopez: Masterclass Edition,Opening course,"GermanMC (2044 USCF, 1850 FIDE)",0.0,,4,246,428,white pieces,0,0,1,1,0,English,"4,892",,67,14.79,"Oct 18, 2016",Unspecified,Community
88,sicilian-defence-pin-variation-based-on-free-gm-lecture/course/4520/,"Sicilian Defence, Pin Variation: Based on Free GM Lecture",Opening course,gamesrelated,0.0,,4,57,85,black pieces,1,1,1,1,0,English,963,,9,11.0,"Feb 11, 2017",Medium,Community
89,thematic-tactics-halloween-edition/course/29608/,Thematic Tactics: Halloween Edition,Tactics course,IM Dirk Sebastian (2452 FIDE),0.0,,4,28,5,both pieces,0,1,1,1,1,No language,454,,13,3.63,"Oct 31, 2019",Unspecified,Titled player
90,1e4-e5-a-comprehensive-black-repertoire-against-1e4/course/3767/,1.e4 e5!: A Comprehensive Black Repertoire against 1.e4,Opening course,"GermanMC (2044 USCF, 1850 FIDE)",0.0,,4,111,414,black pieces,0,0,1,1,0,English,"7,571",,130,11.86,"Nov 28, 2016",High,Community
91,bishops-on-the-attack/course/16571/,Bishops on the Attack,Tactics course,AlanB,0.0,,4,238,203,both pieces,1,1,0,0,0,English,"2,485",,202,2.17,"Nov 13, 2018",Medium,Community
92,beat-bad-pesky-openings/course/29117/,Beat Bad & Pesky Openings,Opening course,"InfiniteFlash (2300 Online Rating, 2100 USCF)",0.0,,4,26,84,both pieces,1,1,1,1,1,No language,"4,009",,71,8.64,"May 28, 2020",Unspecified,Community
93,sicilian-rossolimo-for-white/course/5314/,Sicilian Rossolimo for white,Opening course,"Evilgenius0070 (2230 Online Rating, 2050 USCF, 2012 FIDE)",0.0,,4,45,150,white pieces,0,0,1,0,0,English,"6,170",,103,13.29,"Apr 25, 2017",High,Community
94,chess-basics/course/27081/,Chess Basics,Strategy/Tactics course,Icebreaker (1866 FIDE),0.0,,4,147,82,both pieces,1,1,0,0,0,English,"6,194",,189,1.99,"Jan 29, 2020",High,Community
95,great-gambits-the-greco/course/20940/,Great Gambits: The Greco,Opening course,"LesYeuxDuChat ( 2070 chess24 and 2066 lichess best blitz ratings Online Rating, 1715(classical) FIDE)",0.0,,4,36,64,white pieces,1,1,1,0,0,No language,"1,758",,55,17.82,"Apr 10, 2019",Unspecified,Community
96,the-sicilian-dragon-tournament-edition/course/2261/,The Sicilian Dragon- Tournament Edition,Opening course,"GermanMC (2044 USCF, 1850 FIDE)",0.0,,4,110,233,black pieces,0,0,1,0,0,English,"1,142",,28,13.89,"Jun 24, 2016",Unspecified,Community
97,mona-lisa/course/2518/,Mona Lisa,Strategy course,"Rebelpig_Glumhippo (1936 Online Rating, 1200 USCF)",0.0,,4,20,23,black pieces,0,1,1,1,0,English,0,,1,36.0,"Jul 12, 2016",Unspecified,Community
98,short-sweet-the-taimanov-sicilian/course/7385/,Short & Sweet: The Taimanov Sicilian,Opening course,Chessable,0.0,,4,164,180,black pieces,1,1,1,0,0,English,"6,316",,31,12.42,"Oct 09, 2017",Community,Titled player
99,a-blitz-repertoire-for-black/course/15066/,A Blitz Repertoire for Black,Opening course,"Theoryhack (2202 Online Rating, 184 ECF)",0.0,,4,39,51,black pieces,1,1,1,1,0,No language,"12,035",,83,14.3,"Jan 15, 2019",Unspecified,Community
100,basic-white-repertoire-with-1e4/course/1760/,Basic White Repertoire with 1.e4,Opening course,NM ZukertortsGhost (2200 USCF),0.0,,4,106,348,white pieces,0,1,0,0,0,English,0,,17,11.05,"Apr 27, 2016",Unspecified,Community
101,chessable-tutorial-openings/course/3041/,Chessable Tutorial Openings,Opening course,"IM John Bartholomew (2534 USCF, 2446 FIDE)",0.0,,4,1486,86,white pieces,0,0,0,0,0,No language,0,,3,6.0,,Unspecified,Titled player
102,basic-endgames/course/6371/,Basic Endgames,Endgame course,"Theoryhack (2202 Online Rating, 184 ECF)",0.0,,4,808,"1,533",white pieces,1,1,1,0,0,English,"19,185",,180,9.91,"Jul 18, 2017",Medium,Community
103,ruy-lopez-common-lines/course/1254/,Ruy Lopez common lines,Opening course,psilohead,0.0,,4,27,104,white pieces,0,0,1,0,0,English,"2,742",,111,12.34,"Mar 16, 2016",Unspecified,Community
104,petroff-defense-cochrane-gambit/course/1519/,Petroff Defense: Cochrane Gambit,Opening course,NM ZukertortsGhost (2200 USCF),0.0,,4,36,38,black pieces,0,0,1,0,0,English,"1,883",,14,11.14,"Apr 01, 2016",Unspecified,Community
105,essential-endings-mating-with-bn/course/2033/,Essential endings: Mating with B+N,Endgame course,"laudic (2000 Online Rating, 1900 FIDE)",0.0,,4,204,200,white pieces,0,0,1,1,0,English,432,,4,15.8,"Aug 14, 2016",Unspecified,Community
106,chessable-tutorial-openings/course/3317/,Chessable Tutorial Openings,Opening course,simplydt,0.0,,3,17,8,white pieces,1,0,0,0,0,No language,0,,3,2.67,,Unspecified,Community
107,short-sweet-the-slav/course/5878/,Short & Sweet: The Slav,Opening course,Chessable,0.0,,4,223,169,black pieces,1,1,1,0,0,English,"5,820",,16,10.53,"Jun 30, 2017",Medium,Titled player
108,rubinsteins-immortal/course/1533/,Rubinstein's Immortal,Strategy course,"IM John Bartholomew (2534 USCF, 2446 FIDE)",0.0,,4,68,69,black pieces,0,1,1,1,0,English,0,,1,25.0,"Apr 02, 2016",Unspecified,Titled player
109,surviving-the-halloween-gambit/course/28925/,Surviving the Halloween Gambit,Opening course,johnchernoff (2220 USCF),0.0,,4,25,24,black pieces,0,1,1,1,1,No language,"1,882",,8,12.38,"Oct 31, 2019",High,Community
110,crush-the-gunderam-defence-1e4-e5-2-nf3-qe7/course/6142/,Crush the Gunderam Defence (1.e4 e5 2. Nf3 Qe7?!),Opening course,"VerplantePoesie (2216 Online Rating, 2027 FIDE)",0.0,,4,13,11,white pieces,0,1,1,1,0,English,438,,8,8.63,"Aug 07, 2017",Medium,Community
111,short-sweet-the-ruy-lopez/course/7167/,Short & Sweet: The Ruy Lopez,Opening course,Chessable,0.0,,4,145,120,white pieces,1,1,1,0,0,English,"4,929",,20,9.43,"Sep 11, 2017",Community,Titled player
112,ending-the-englund-gambit/course/21854/,Ending the Englund Gambit,Opening course,IndrekR (2200 Online Rating),1.99,1.99,4,17,166,both pieces,1,1,1,1,0,No language,"2,992",,21,9.83,"Jun 26, 2019",High,Community
113,the-unexpected-mate-in-1/course/19247/,The Unexpected Mate in 1,Tactics course,AlanB,5.99,3.99,4,111,166,both pieces,1,1,1,0,0,English,"5,942",,701,1.49,"Mar 06, 2019",High,Community
114,fighting-the-reti-and-kia/course/5653/,Fighting the Reti and KIA,Opening course,"PawnPusher1 (2065 USCF, 1900 FIDE)",3.25,3.25,4,9,21,black pieces,0,0,1,1,0,English,"2,627",,38,10.79,"May 10, 2017",High,Community
115,the-french-tarrasch-masterclass-edition/course/3140/,The French Tarrasch: Masterclass Edition,Opening course,"GermanMC (2044 USCF, 1850 FIDE)",3.25,3.25,4,19,36,white pieces,0,0,1,0,0,English,"2,851",,45,12.43,"Oct 01, 2016",Unspecified,Community
116,abrahams-advanced-rauzer/course/3026/,Abraham's (Advanced) Rauzer,Opening course,Mr.Abraham (2054 Online Rating),3.25,3.25,0,0,0,black pieces,0,0,1,0,0,English,"5,373",,23,19.78,"Sep 06, 2016",Unspecified,Community
117,super-scotch-game/course/469/,Super Scotch Game,Opening course,jasonrawls,3.25,3.25,4,20,14,white pieces,0,0,1,0,0,English,"2,564",,78,12.35,"Jan 29, 2018",Unspecified,Community
118,extensive-detailed-sicilian-repertoire-/course/1517/,Extensive & Detailed Sicilian Repertoire,Opening course,"Evilgenius0070 (2230 Online Rating, 2050 USCF, 2012 FIDE)",3.25,3.25,4,13,32,black pieces,0,0,1,0,0,English,"14,287",,103,12.3,"Jul 25, 2016",Unspecified,Community
119,unbalanced-the-french-exchange-for-black/course/16720/,Unbalanced: The French Exchange for Black,Opening/Tactics course,Chessinblackandwhite (2033 USCF),3.99,3.99,4,30,26,black pieces,1,1,1,0,0,English,"2,936",,30,3.62,"Dec 17, 2018",High,Community
120,chess-immortals-wilhelm-steinitz/course/23368/,Chess Immortals - Wilhelm Steinitz,Strategy course,Benedictine (135 ECF),3.99,3.99,4,12,37,both pieces,1,1,1,0,0,No language,"2,757",,31,33.62,"May 24, 2019",High,Community
121,evans-gambit-beginners-guide/course/13833/,Evans Gambit - Beginner's Guide,Opening course,NM Han Schut,4.25,4.25,4,41,46,white pieces,1,1,1,0,0,English,"1,039",,27,7.27,"Aug 15, 2018",Unspecified,Titled player
122,smash-the-scandinavian-defense/course/32030/,Smash the Scandinavian Defense,Opening course,"ZacAttack (2100 Online Rating, 1600 USCF)",4.49,4.49,5,3,0,white pieces,1,1,1,0,0,English,"17,544",,39,21.13,"Apr 29, 2020",Medium,Community
123,demolish-white-with-the-sicilian-a-complete-repertoire-against-1e4-part-1-/course/8992/,Demolish White With The Sicilian: A Complete Repertoire Against 1.e4: Part 1,Opening course,"MozartofChess (2041 Online Rating, 1893 FIDE)",4.25,4.25,4,14,32,black pieces,1,1,1,0,0,English,"2,012",,69,21.59,"Aug 24, 2018",Unspecified,Community
124,fighting-the-pirc-and-modern/course/8996/,Fighting the Pirc and Modern,Opening course,"NM mn79 (2215 USCF, 2115 FIDE)",4.25,4.25,4,23,12,white pieces,0,1,1,1,0,English,"13,250",,71,10.71,"Feb 19, 2018",High,Community
125,scotch-gambit-modern-attack-beginners-guide-/course/13869/,Scotch Gambit - Modern Attack - Beginner's Guide,Opening course,NM Han Schut,4.25,4.25,4,35,55,white pieces,1,1,1,0,0,English,"2,508",,32,18.79,"Aug 31, 2018",High,Titled player
126,a-modern-repertoire-against-the-catalan/course/10316/,A Modern Repertoire Against The Catalan,Opening course,"NM mn79 (2215 USCF, 2115 FIDE)",4.25,4.25,4,10,55,black pieces,0,1,1,1,0,English,"11,109",,97,13.35,"Apr 05, 2018",High,Community
127,gm-alex-colovics-simplest-scandinavian/course/3457/,GM Alex Colovic's Simplest Scandinavian,Opening course,GM Alex Colovic,4.25,4.25,4,24,21,black pieces,1,1,0,0,0,English,"1,051",,13,13.47,"Oct 13, 2016",Unspecified,Titled player
128,the-semi-slav-defense-masterclass-edition/course/2952/,The Semi-Slav Defense: Masterclass Edition,Opening course,"GermanMC (2044 USCF, 1850 FIDE)",4.25,4.25,4,24,39,black pieces,0,0,1,0,0,English,"4,113",,89,12.95,"Aug 27, 2016",Unspecified,Community
129,fighting-anti-sicilians-for-the-najdorf-player/course/2761/,Fighting Anti-Sicilians for the Najdorf player,Opening course,"NM logozar (2588 Online Rating, 2226 USCF, 2058 FIDE)",3.99,18.98,4,38,141,black pieces,0,1,1,1,0,English,"7,959",,137,9.2,"Apr 25, 2017",Unspecified,Titled player
130,queens-gambit-accepted-grind-for-the-win/course/3708/,Queen's Gambit Accepted - Grind For the Win,Opening course,Mineriva,4.99,4.99,4,20,30,black pieces,0,1,1,1,0,English,"8,567",,40,19.67,"Oct 30, 2019",Medium,Community
131,moves-ahead-1-vision-in-calculating-mate/course/34094/,Moves Ahead 1: Vision in Calculating Mate,Tactics course,AlanB,8.99,5.99,4,28,51,both pieces,0,1,1,1,0,English,"19,760",,100,3.77,"Feb 26, 2020",High,Community
132,crush-the-qgd/course/4895/,Crush the QGD!,Opening course,"GermanMC (2044 USCF, 1850 FIDE)",5.25,5.25,4,9,36,white pieces,0,0,1,1,0,English,"7,619",,28,15.56,"Mar 16, 2017",High,Community
133,150-super-gm-tactics/course/11301/,150 Super GM Tactics,Tactics course,DM_CaptainObvious (2611 Online Rating),5.25,5.25,4,10,6,both pieces,1,1,1,1,0,English,"6,413",,151,4.48,"Aug 31, 2018",High,Community
134,basic-overview-jobava-london-system-/course/25727/,Basic Overview: Jobava London System,Opening course,MikeWilliams,5.25,5.25,4,18,31,white pieces,1,1,1,1,0,English,"14,252",,53,16.03,"Nov 30, 2019",Unspecified,Community
135,moves-ahead-2-calculation-fundamentals-/course/36224/,Moves Ahead 2: Calculation Fundamentals,Tactics course,AlanB,8.99,5.99,4,19,30,both pieces,1,1,1,0,0,No language,"18,704",,100,2.85,"Apr 29, 2020",High,Community
136,the-fiery-icelandic-gambit/course/15025/,The Fiery Icelandic Gambit,Opening course,IndrekR (2200 Online Rating),4.99,4.99,4,26,80,black pieces,0,1,1,1,0,No language,"6,651",,67,13.67,"Jan 16, 2019",Unspecified,Community
137,evans-gambit-masters-guide/course/13769/,Evans Gambit - Master's Guide,Opening course,NM Han Schut,5.25,5.25,4,10,21,white pieces,0,0,1,1,0,English,"1,282",,37,9.27,"Sep 21, 2018",Medium,Titled player
138,extensive-and-detailed-sicilian-repertoire-for-white-/course/6094/,Extensive and Detailed Sicilian Repertoire for White.,Opening course,"Evilgenius0070 (2230 Online Rating, 2050 USCF, 2012 FIDE)",5.25,5.25,4,3,4,white pieces,0,0,0,1,0,English,"16,313",,377,14.98,"Aug 31, 2017",High,Community
139,100-chess-tactics-100-chess-threats-for-the-club-player/course/10733/,"100 Chess Tactics, 100 Chess Threats - For the Club Player",Tactics course,Benedictine (135 ECF),4.99,4.99,4,21,14,both pieces,1,1,1,0,0,English,"6,758",,200,2.02,"Apr 11, 2018",High,Community
140,a-masters-guide-to-neutralizing-the-english-with-1e5/course/4069/,A Master's Guide to Neutralizing the English with 1...e5,Opening course,FM Daniel Barrish,6.5,6.5,4,38,29,black pieces,0,1,1,1,0,English,"10,360",,72,12.78,"Jan 01, 2017",Medium,Titled player
141,reversing-mate-sacrifices/course/18411/,Reversing Mate - Sacrifices,Tactics course,AlanB,10.99,7.99,4,16,20,both pieces,1,1,1,0,0,English,"41,973",,2165,2.35,"Jul 31, 2019",High,Community
142,fighting-the-caro-kann/course/7181/,Fighting the Caro-Kann,Opening course,"NM mn79 (2215 USCF, 2115 FIDE)",7.5,7.5,4,18,5,white pieces,0,1,1,1,0,English,"14,571",,84,11.48,"Dec 12, 2017",High,Community
143,fighting-the-french/course/5170/,Fighting the French,Opening course,"NM mn79 (2215 USCF, 2115 FIDE)",7.5,32.0,5,36,120,white pieces,0,1,1,1,0,English,"15,126",40 minutes,132,12.97,"Apr 06, 2017",High,Community
144,the-open-sicilian-masterclass-edition/course/3032/,The Open Sicilian: Masterclass Edition,Opening course,"GermanMC (2044 USCF, 1850 FIDE)",7.5,7.5,4,16,106,white pieces,0,0,1,0,0,English,"9,094",,185,14.77,"Sep 19, 2016",Unspecified,Community
145,full-white-repertoire/course/2037/,Full White Repertoire,Opening course,Tachyon (2122 Online Rating),7.5,7.5,4,17,14,white pieces,0,0,1,0,0,English,"3,783",,301,14.51,"Jun 04, 2016",Unspecified,Community
146,full-black-repertoire/course/2043/,Full Black repertoire,Opening course,Tachyon (2122 Online Rating),7.5,7.5,4,12,14,black pieces,0,0,1,0,0,English,"4,492",,356,14.03,"Jun 16, 2016",Unspecified,Community
147,beating-the-blackmar-diemer-gambit/course/28820/,Beating the Blackmar-Diemer Gambit,Opening course,IndrekR (2200 Online Rating),7.99,7.99,4,5,10,black pieces,0,1,1,1,1,No language,"4,970",,44,12.02,"Feb 26, 2020",Medium,Community
148,dragon-fire-tactics-for-black-in-the-sicilian-dragon/course/21420/,Dragon Fire: Tactics for Black in the Sicilian Dragon,Tactics course,NM Han Schut,8.99,8.99,4,24,31,black pieces,1,1,1,0,0,English,169,,108,3.35,"Apr 12, 2019",High,Titled player
149,tactics-training-bobby-fischer/course/9993/,Tactics Training - Bobby Fischer,Tactics course,New in Chess,8.5,8.5,4,30,24,both pieces,0,1,1,1,0,English,"2,101",,100,4.17,"Feb 09, 2018",Community,Publisher
150,tactics-training-fabiano-caruana/course/10892/,Tactics Training - Fabiano Caruana,Tactics course,New in Chess,8.5,8.5,4,13,2,both pieces,0,1,1,1,0,English,"1,277",,100,3.16,"Mar 28, 2018",Community,Publisher
151,tactics-training-garry-kasparov/course/9628/,Tactics Training - Garry Kasparov,Tactics course,New in Chess,8.5,8.5,4,19,29,both pieces,0,1,1,1,0,English,"1,662",,100,3.68,"Jan 23, 2018",Community,Publisher
152,tactics-training-judit-polgar/course/9393/,Tactics Training - Judit Polgar,Tactics course,New in Chess,8.5,8.5,4,22,177,both pieces,0,1,1,1,0,English,"1,424",,100,3.7,"Jan 08, 2018",Community,Publisher
153,tactics-training-magnus-carlsen/course/9183/,Tactics Training - Magnus Carlsen,Tactics course,New in Chess,8.5,8.5,4,32,136,both pieces,0,1,1,1,0,English,"1,382",,100,3.97,"Dec 27, 2017",Community,Publisher
154,kingscrushers-tactic-snacks-1/course/24093/,Kingscrusher's Tactic Snacks 1,Tactics course,"CM Kingscrusher (2535 Online Rating, 210 ECF, 2170 FIDE)",8.5,8.5,4,29,166,both pieces,1,1,1,0,0,English,"2,775",,250,23.99,"Jun 13, 2019",High,Titled player
155,kingscrushers-tactic-snacks-3/course/26568/,Kingscrusher's Tactic Snacks 3,Tactics course,"CM Kingscrusher (2535 Online Rating, 210 ECF, 2170 FIDE)",8.5,8.5,4,12,60,both pieces,1,1,1,0,0,English,"4,289",,250,23.72,"Aug 13, 2019",Medium,Titled player
156,kingscrushers-tactic-snacks-2/course/24573/,Kingscrusher's Tactic Snacks 2,Tactics course,"CM Kingscrusher (2535 Online Rating, 210 ECF, 2170 FIDE)",8.5,8.5,4,19,500,both pieces,1,1,1,0,0,English,"2,986",,250,24.98,"Jul 17, 2019",Medium,Titled player
157,tactics-training-mikhail-tal/course/10244/,Tactics Training - Mikhail Tal,Tactics course,New in Chess,8.5,8.5,4,27,35,both pieces,0,1,1,1,0,English,"1,819",,100,3.62,"Feb 23, 2018",Community,Publisher
158,knight-fork-trainer/course/15549/,Knight Fork Trainer,Tactics course,Benedictine (135 ECF),7.99,7.99,4,32,29,white pieces,1,1,1,0,0,English,"4,846",,95,1.23,"Oct 31, 2018",High,Community
159,paul-morphy-25-games-to-memorise/course/11229/,Paul Morphy - 25 Games to Memorise,Strategy course,Benedictine (135 ECF),7.99,7.99,4,50,64,both pieces,1,1,1,1,0,English,"5,953",,25,21.32,"May 08, 2018",High,Community
160,mop-up-the-morra/course/19264/,Mop Up the Morra,Opening course,"NM logozar (2588 Online Rating, 2226 USCF, 2058 FIDE)",14.99,9.99,4,25,77,black pieces,0,1,1,1,0,No language,"31,012",,49,19.66,"Jul 08, 2019",High,Titled player
161,crush-the-london/course/18744/,Crush the London!,Opening course,"NM logozar (2588 Online Rating, 2226 USCF, 2058 FIDE) officially endorsed",14.99,9.99,4,76,193,black pieces,0,1,1,1,0,No language,"14,172",,51,10.66,"Feb 04, 2019",High,Titled player
162,crush-the-taimanov/course/31372/,Crush the Taimanov!,Opening course,"NM logozar (2588 Online Rating, 2226 USCF, 2058 FIDE)",14.99,9.99,4,11,20,white pieces,0,0,1,1,1,No language,"15,034",,100,18.03,"Jan 29, 2020",High,Titled player
163,thematic-tactics-rook-endgames/course/20098/,Thematic Tactics: Rook Endgames,Tactics/Endgame course,FM Martin Voigt & IM Dirk Sebastian (2452 FIDE),9.5,9.5,4,57,54,both pieces,0,1,1,1,1,English,"3,381",,104,2.7,"Mar 22, 2019",High,Titled player
164,reversing-and-forwarding-the-tactics-of-bobby-fischer/course/17025/,Reversing and Forwarding the Tactics of Bobby Fischer,Tactics course,AlanB,14.99,9.99,4,19,40,both pieces,1,1,1,0,0,English,"78,295",,1431,3.2,"May 24, 2019",High,Community
165,accelerate-the-dragon/course/11187/,Accelerate The Dragon,Opening course,IM piongu (2446 FIDE),13.99,9.99,4,57,86,black pieces,0,1,1,1,0,English,"7,008",55 minutes,82,16.2,"May 24, 2018",High,Titled player
166,mastering-pawn-endgames-volume-1/course/16896/,Mastering Pawn Endgames: Volume 1,Endgame course,"IM Ahmad_Alkhatib (2359 Online Rating, 2271 FIDE)",10.5,10.5,4,120,300,both pieces,1,1,1,1,0,English,"9,034",,142,7.2,"Feb 06, 2019",High,Titled player
167,mastering-pawn-endgames-volume-3/course/24343/,Mastering Pawn Endgames: Volume 3,Endgame course,"IM Ahmad_Alkhatib (2359 Online Rating, 2271 FIDE)",10.5,10.5,4,12,24,white pieces,0,1,1,1,0,English,"15,105",,83,7.35,"Jun 17, 2019",High,Titled player
168,mastering-pawn-endgames-volume-4/course/27562/,Mastering Pawn Endgames: Volume 4,Endgame course,"IM Ahmad_Alkhatib (2359 Online Rating, 2271 FIDE)",10.5,10.5,4,8,12,both pieces,0,1,1,1,0,English,"6,164",,119,6.96,"Sep 23, 2019",High,Titled player
169,mastering-pawn-endgames-volume-2/course/20722/,Mastering Pawn Endgames: Volume 2,Endgame course,"IM Ahmad_Alkhatib (2359 Online Rating, 2271 FIDE)",10.5,10.5,4,32,28,white pieces,0,1,1,1,0,English,"14,405",,76,9.68,"Mar 08, 2019",High,Titled player
170,crush-the-kings-gambit/course/25572/,Crush the King's Gambit!,Opening course,"NM RARattacker (2267 USCF, 2193 FIDE)",10.5,10.5,4,6,20,black pieces,0,1,1,1,1,No language,"12,101",,47,11.18,"Jan 08, 2020",High,Titled player
171,strategy-training-bobby-fischer/course/19768/,Strategy Training: Bobby Fischer,Tactics/Strategy course,IM Thomas Willemze & New in Chess,10.5,31.5,4,9,34,both pieces,0,1,1,1,0,English,"3,548",3 minutes,31,11.13,"Feb 19, 2019",Community,Publisher
172,strategy-training-magnus-carlsen/course/13960/,Strategy Training: Magnus Carlsen,Strategy course,"IM Thomas Willemze, FM Frank Erwich & New in Chess",10.5,31.5,4,34,100,both pieces,0,1,1,1,0,English,"4,355",,30,4.73,"Oct 15, 2018",Community,Publisher
173,strategy-training-vladimir-kramnik/course/20361/,Strategy Training: Vladimir Kramnik,Tactics/Strategy course,IM Thomas Willemze & New in Chess,10.5,31.5,4,14,58,both pieces,0,1,1,1,0,English,"4,226",2 minutes,31,7.26,"Feb 25, 2019",Community,Publisher
174,crush-the-modern-benoni-three-pawns-attack/course/36435/,Crush the Modern Benoni: Three Pawns Attack,Opening course,"Chessforlife (2553 Online Rating, 2100 FIDE)",10.99,10.99,5,3,0,white pieces,0,0,1,1,1,English,"10,355",,56,20.08,"May 28, 2020",High,Community
175,thematic-tactics-scandinavian/course/13650/,Thematic Tactics: Scandinavian,Tactics course,FM Martin Voigt & IM Dirk Sebastian (2452 FIDE),10.5,10.5,4,30,20,both pieces,1,1,1,1,1,English,"5,233",,169,2.91,"Aug 31, 2018",High,Titled player
176,thematic-tactics-pawn-endgames/course/35275/,Thematic Tactics: Pawn Endgames,Tactics/Endgame course,FM Martin Voigt & IM Dirk Sebastian (2452 FIDE),10.5,10.5,4,17,63,both pieces,0,0,1,1,1,English,"5,665",,119,4.14,"Feb 28, 2020",High,Titled player
177,club-the-caro-kann-the-caveman-variation/course/19836/,Club the Caro-Kann: The Caveman variation,Opening course,JeroenW (2147 FIDE),10.99,10.99,4,25,30,white pieces,0,1,1,1,0,No language,"18,947",,104,21.48,"Apr 15, 2019",High,Community
178,take-down-the-french-advance/course/26995/,Take Down the French Advance,Opening course,"till (2495 Online Rating, 2205 FIDE)",15.99,10.99,5,4,20,black pieces,0,1,1,1,1,English,"19,879",,386,13.51,"Sep 25, 2019",High,Community
179,crush-1b3-with-1e5/course/25284/,Crush 1.b3 with 1...e5!,Opening course,"NM logozar (2588 Online Rating, 2226 USCF, 2058 FIDE)",10.99,10.99,4,24,60,black pieces,0,1,1,1,1,No language,"9,365",,41,11.91,"Aug 21, 2019",High,Titled player
180,max-attack-the-max-lange-gambit/course/27205/,Max Attack! - The Max Lange Gambit,Opening course,"SebastianHoffmann (2415 Online Rating, 2187 FIDE)",10.5,10.5,4,10,0,white pieces,1,1,1,1,0,English,"4,093",,47,15.32,"Sep 25, 2019",High,Community
181,gm-rafael-leitaos-sicilian-najdorf/course/1630/,GM Rafael Leitao's Sicilian Najdorf,Opening course,"NM logozar (2588 Online Rating, 2226 USCF, 2058 FIDE) officially endorsed",10.99,10.99,4,73,146,black pieces,0,0,1,1,0,English,"17,364",,122,16.05,"Jul 18, 2016",Community,Titled player
182,crush-the-dragon/course/8128/,Crush the Dragon!,Opening course,"NM logozar (2588 Online Rating, 2226 USCF, 2058 FIDE)",10.99,10.99,4,16,19,white pieces,0,0,1,1,0,English,"13,073",,82,20.03,"Nov 22, 2017",High,Titled player
183,improving-endgame-technique-same-colored-bishop-endgames/course/14707/,Improving Endgame Technique: Same-Colored Bishop Endgames,Endgame course,GM Valeriy Aveskulov (2529 FIDE),10.5,10.5,5,17,30,both pieces,0,0,1,1,0,English,"29,784",,52,14.14,"Sep 21, 2018",High,Titled player
184,improving-endgame-technique-opposite-colored-bishop-endgames/course/3772/,Improving Endgame Technique: Opposite Colored Bishop Endgames,Endgame course,GM Valeriy Aveskulov (2529 FIDE),10.5,10.5,5,7,73,both pieces,0,0,1,1,0,English,"38,742",,63,18.36,"Oct 24, 2018",High,Titled player
185,modernized-the-fried-liver-attack/course/21770/,Modernized: The Fried Liver Attack!,Opening course,Ring (2350 Online Rating),10.99,10.99,4,3,32,white pieces,0,1,1,1,0,English,"9,163",,180,18.36,"May 24, 2019",High,Community
186,a-masters-guide-to-the-grunfeld-vs-1d4-1nf3/course/4281/,A Master's Guide to the Grunfeld vs 1.d4 & 1.Nf3,Opening course,FM Daniel Barrish,10.5,10.5,4,27,123,black pieces,0,0,1,1,0,English,"15,023",,155,13.52,"May 24, 2017",Medium,Titled player
187,neutralizing-the-closed-sicilian/course/23995/,Neutralizing The Closed Sicilian,Opening course,Ring (2350 Online Rating),10.99,10.99,4,5,20,black pieces,0,1,1,1,1,English,"22,918",,174,20.43,"Apr 29, 2020",High,Community
188,combat-the-caro-kann-with-3exd5/course/11723/,Combat the Caro-Kann with 3.exd5,Opening course,IM lukas_111111 (2467 FIDE),10.5,10.5,4,13,0,white pieces,0,0,1,1,0,English,"3,588",,32,15.34,"May 30, 2018",Unspecified,Titled player
189,gm-avrukh-against-the-scotch-game/course/5884/,GM Avrukh Against the Scotch Game,Opening course,"GM Boris Avrukh, presented",10.5,10.5,4,7,15,black pieces,0,1,1,1,0,English,"7,840",,66,14.79,"Jun 01, 2017",Medium,Community
190,the-fighting-sicilian-a-complete-repertoire-vs-1e4/course/8018/,The Fighting Sicilian: A complete repertoire vs 1.e4,Opening course,"FM MarkoMakaj (2905 Online Rating, 2380 FIDE)",17.99,12.99,4,74,243,black pieces,0,1,1,1,0,English,"29,949",2 hours and 49 minutes,324,16.36,"Nov 13, 2017",Medium,Titled player
191,tactics-in-the-trompowsky/course/16578/,Tactics in the TromPOWsky,Tactics course,JeroenW (2147 FIDE),11.99,11.99,4,8,10,both pieces,0,1,1,1,1,No language,"12,476",,875,19.96,"Feb 08, 2019",Medium,Community
192,szybki-kurs-obrony-francuskiej/course/15651/,Szybki kurs obrony francuskiej,Opening course,"FM dczerw (2358 Online Rating, 2286 FIDE)",12.75,12.75,0,0,0,black pieces,1,1,1,0,0,Polish,"3,811",,62,13.93,"Oct 09, 2018",High,Titled player
193,erwins-opening-lab-the-dubov-tarrasch/course/26378/,Erwin's Opening Lab: The Dubov Tarrasch,Opening course,GM erwinlami (2620 FIDE),13.99,45.98,4,33,72,black pieces,0,0,1,1,1,English,"12,757",18 minutes,52,19.09,"Sep 30, 2019",High,Titled player
194,visualise-1/course/25695/,Visualise 1,Opening course,Benedictine (135 ECF),13.99,13.99,4,170,219,both pieces,1,1,1,0,0,No language,"2,809",,0,5.24,"Jul 31, 2019",High,Community
195,visualise-3/course/27269/,Visualise 3,Opening course,Benedictine (135 ECF),13.99,13.99,4,14,10,both pieces,1,1,1,1,0,No language,"9,568",,0,11.08,"Oct 30, 2019",High,Community
196,visualise-4/course/32910/,Visualise 4,Opening course,Benedictine (135 ECF),13.99,13.99,4,15,36,both pieces,1,1,1,1,0,No language,"6,209",,0,5.3,"Feb 24, 2020",High,Community
197,visualise-2/course/26550/,Visualise 2,Opening course,Benedictine (135 ECF),13.99,13.99,4,37,69,both pieces,0,1,1,1,0,No language,"9,955",,0,5.76,"Aug 28, 2019",High,Community
198,visualise-5/course/35551/,Visualise 5,Opening course,Benedictine (135 ECF),13.99,13.99,0,0,0,both pieces,1,1,1,1,0,English,"6,677",,0,5.06,"Jul 13, 2020",High,Community
199,thematic-tactics-endgame-checkmates/course/17430/,Thematic Tactics: Endgame Checkmates,Tactics/Endgame course,FM Martin Voigt & IM Dirk Sebastian (2452 FIDE),13.75,13.75,4,34,33,both pieces,0,1,1,1,1,No language,"6,346",,227,3.15,"Jan 14, 2019",High,Titled player
200,thematic-tactics-sveshnikov-sicilian/course/32022/,Thematic Tactics: Sveshnikov Sicilian,Tactics course,FM Martin Voigt & IM Dirk Sebastian (2452 FIDE),13.75,13.75,5,16,10,both pieces,0,1,1,1,1,English,"5,146",,141,3.01,"Jan 03, 2020",High,Titled player
201,thematic-tactics-the-london-system/course/16947/,Thematic Tactics: The London System,Tactics course,FM Martin Voigt & IM Dirk Sebastian (2452 FIDE),13.75,13.75,4,54,84,both pieces,0,1,1,1,1,No language,"4,126",,230,2.75,"Dec 24, 2018",High,Titled player
202,thematic-tactics-benko-gambit/course/23781/,Thematic Tactics: Benko Gambit,Tactics course,& FM Martin Voigt IM Dirk Sebastian (2452 FIDE),13.75,13.75,4,16,11,both pieces,0,1,1,1,1,No language,"9,624",,213,2.98,"Jun 19, 2019",High,Titled player
203,thematic-tactics-alekhine-defense/course/27640/,Thematic Tactics: Alekhine Defense,Tactics course,FM Martin Voigt & IM Dirk Sebastian (2452 FIDE),13.75,13.75,4,14,3,both pieces,0,1,1,1,1,No language,"7,337",,155,3.14,"Sep 18, 2019",High,Titled player
204,thematic-tactics-minor-piece-endgames/course/29944/,Thematic Tactics: Minor Piece Endgames,Tactics/Endgame course,IM Dirk Sebastian (2452 FIDE),13.75,13.75,4,15,30,both pieces,0,1,1,1,1,English,"5,967",,126,3.45,"Nov 28, 2019",High,Titled player
205,conquer-the-caro-kann-the-shirov-attack/course/39758/,Conquer the Caro-Kann: The Shirov Attack,Opening course,DrErykHargrove (2110 USCF),13.99,13.99,0,0,0,white pieces,0,1,1,1,1,English,"19,306",,79,15.16,"Jun 24, 2020",High,Community
206,przyspieszony-smok-zniszcz-biae/course/12544/,Przyspieszony Smok - zniszcz białe!,Opening course,"FM dczerw (2358 Online Rating, 2286 FIDE)",13.75,13.75,4,15,30,black pieces,0,1,1,1,0,Polish,"2,668",,85,15.97,"Jun 20, 2018",High,Titled player
207,zap-tactics-in-the-slav/course/19853/,Zap! Tactics in the Slav,Tactics course,JeroenW (2147 FIDE),13.99,13.99,4,4,2,both pieces,0,1,1,1,1,English,"19,785",,1149,20.31,"Mar 15, 2019",Medium,Community
208,im-john-bartholomews-scandinavian/course/79/,IM John Bartholomew's Scandinavian,Opening course,"IM John Bartholomew (2534 USCF, 2446 FIDE)",15.75,15.75,4,191,285,black pieces,0,0,1,1,0,English,"8,208",,142,12.33,,High,Titled player
209,on-the-way-to-the-queens-gambit-declined/course/4642/,On the way to the Queen's Gambit Declined,Opening course,GM Alex Colovic,15.99,68.98,4,50,248,black pieces,0,0,1,1,0,English,"4,923",33 minutes,225,13.76,"Feb 08, 2017",Medium,Titled player
210,a-grandmaster-guide-the-reti-kings-indian-attack-and-others-based-on-the-qgd/course/6554/,"A Grandmaster Guide: The Reti, King's Indian Attack, and others, based on the QGD.",Opening course,GM Alex Colovic,15.99,42.98,4,37,48,black pieces,0,0,1,1,0,English,"2,357",19 minutes,128,11.06,"Aug 02, 2017",Medium,Titled player
211,100-endgames-you-must-know/course/5193/,100 Endgames You Must Know,Endgame course,"New in Chess , GM de la Villa and video",21.99,16.99,4,1021,"2,154",both pieces,0,1,1,1,1,English,"76,246",2 hours and 18 minutes,198,5.56,"Jul 19, 2017",Community,Publisher
212,the-golden-streak-ding-lirens-tactics-strategy-in-100-unbeaten-games/course/16764/,The Golden Streak: Ding Liren’s Tactics & Strategy in 100 Unbeaten Games,Tactics course,"wmiltti (2250 Online Rating, 2050 FIDE)",15.99,15.99,4,18,70,both pieces,1,1,1,1,0,English,"26,060",,89,26.42,"Mar 21, 2019",High,Community
213,dazzling-defenses-against-checkmate-patterns/course/31221/,Dazzling Defenses against Checkmate Patterns,Tactics course,CraftyRaf,14.99,14.99,4,20,36,both pieces,0,0,1,1,1,English,"14,231",,163,29.17,"Jan 30, 2020",High,Community
214,common-chess-patterns/course/13348/,Common Chess Patterns,Tactics course,Benedictine (135 ECF),14.99,14.99,4,129,450,both pieces,1,1,1,0,0,English,"8,205",,738,2.46,"Sep 27, 2018",High,Community
215,the-fighting-kings-indian-defense/course/15342/,The Fighting King's Indian Defense,Opening course,"FM MarkoMakaj (2905 Online Rating, 2380 FIDE)",25.99,15.99,4,53,173,black pieces,0,1,1,1,0,English,"68,723",2 hours,507,14.6,"Oct 29, 2018",Medium,Titled player
216,reversing-mate-world-champions-edition-vol-1/course/16484/,Reversing Mate - World Champions Edition Vol. 1,Tactics course,AlanB officially endorsed,21.99,16.99,4,22,93,both pieces,1,1,1,0,0,English,"36,298",,3200,2.19,"Dec 18, 2018",High,Community
217,reversing-mate-world-champions-edition-vol-2/course/18351/,Reversing Mate - World Champions Edition Vol. 2,Tactics course,AlanB,21.99,15.99,4,18,24,both pieces,1,1,1,0,0,English,"55,286",,3234,2.25,"Mar 11, 2019",High,Community
218,the-grunfeld-revisited/course/19470/,The Grunfeld Revisited,Opening course,Jestfer (1976 FIDE) officially endorsed,14.99,14.99,4,28,34,black pieces,0,1,1,1,0,English,"65,909",,418,23.34,"Feb 22, 2019",High,Community
219,the-shirov-gambit-break-down-the-philidor-defense/course/25424/,The Shirov Gambit: Break Down the Philidor Defense,Opening course,"FM AmroElJawich (2563 Online Rating, 2309 FIDE)",15.75,15.75,4,6,0,white pieces,0,1,1,1,1,English,"7,216",,132,16.77,"Aug 07, 2019",High,Titled player
220,chessexplaineds-benko-repertoire-a-complete-answer-to-1d4/course/3258/,Chessexplained's Benko Repertoire: A complete answer to 1.d4,Opening course,IM Chessexplained,15.75,15.75,4,150,315,black pieces,0,0,1,1,0,English,"19,025",,287,13.19,"Sep 25, 2016",Medium,Titled player
221,the-mighty-makogonov-vs-the-kings-indian-defense/course/19188/,The Mighty Makogonov vs. The King’s Indian Defense,Opening course,"InfiniteFlash (2300 Online Rating, 2100 USCF)",14.99,14.99,5,13,478,white pieces,0,0,1,1,1,English,"100,070",,135,18.2,"Sep 25, 2019",High,Community
222,unbalanced-the-french-winawer-for-black/course/17632/,Unbalanced: The French Winawer for Black,Opening course,Chessinblackandwhite (2033 USCF),15.99,15.99,4,6,15,black pieces,0,1,1,1,0,English,"13,055",,154,12.28,"Feb 20, 2019",High,Community
223,antidotes-to-anti-dutch-systems/course/35481/,Antidotes to anti-Dutch systems,Opening course,"till (2495 Online Rating, 2205 FIDE)",21.99,16.99,0,0,90,black pieces,0,0,1,1,1,English,"50,008",,301,11.49,"Jun 24, 2020",High,Community
224,the-gring-gambit/course/23521/,The Göring Gambit,Opening course,Chessinblackandwhite (2033 USCF) &,15.99,15.99,4,5,0,white pieces,1,1,1,1,1,English,"21,699",,148,13.44,"Jun 24, 2020",High,Community
225,blackmar-diemer-for-blitz/course/33922/,Blackmar-Diemer for Blitz,Opening course,IndrekR (2200 Online Rating),15.99,15.99,4,16,10,white pieces,0,1,1,1,1,English,"15,040",,99,13.65,"Jun 24, 2020",High,Community
226,tackle-the-french-a-practical-repertoire-with-3-bd3/course/38971/,Tackle the French: A practical repertoire with 3. Bd3,Opening course,"Chessforlife (2553 Online Rating, 2100 FIDE)",15.99,15.99,4,5,0,white pieces,0,1,1,1,1,English,"24,007",,89,14.9,"Jun 24, 2020",High,Community
227,dodgys-tactics-french-caro-kann-scandinavian-and-pirc-1000-puzzles/course/12554/,"Dodgy's Tactics - French, Caro Kann, Scandinavian and Pirc - 1000 Puzzles!",Tactics course,"Dodgy (189 ECF, 2046 FIDE)",14.99,14.99,5,5,10,both pieces,1,1,1,1,0,English,"1,192",,1000,16.68,"Jul 02, 2018",High,Community
228,dodgys-e4-e5-tactics-full-version-750-puzzles/course/10763/,"Dodgy's e4 e5 Tactics - Full Version, 750 Puzzles",Tactics course,"Dodgy (189 ECF, 2046 FIDE)",14.99,14.99,4,9,10,both pieces,1,1,1,1,0,English,"2,270",,750,14.77,"Apr 09, 2018",Community,Community
229,dodgys-1-d4-tactics-volume-1-1000-puzzles/course/13412/,Dodgy's 1. d4 tactics Volume 1 - 1000 puzzles!,Tactics course,"Dodgy (189 ECF, 2046 FIDE)",14.99,14.99,4,5,205,both pieces,1,1,1,1,0,English,"1,137",,999,17.57,"Aug 06, 2018",High,Community
230,slaying-the-scandi/course/35693/,Slaying the Scandi,Opening course,Chessinblackandwhite (2033 USCF) &,15.99,15.99,4,4,31,white pieces,1,1,1,1,1,English,"24,535",,174,12.37,"May 27, 2020",High,Community
231,dodgys-1-d4-tactics-volume-2-1000-puzzles/course/14195/,Dodgy's 1. d4 tactics Volume 2 - 1000 puzzles!,Tactics course,"Dodgy (189 ECF, 2046 FIDE)",14.99,14.99,4,5,0,both pieces,1,1,1,1,0,English,"1,030",,1000,17.44,"Sep 21, 2018",High,Community
232,how-to-find-the-perfect-mate/course/20094/,How to Find the Perfect Mate,Tactics course,SavoryQuestion (1723 USCF),14.99,14.99,4,11,36,both pieces,1,1,1,0,0,English,"4,067",,462,1.79,"May 27, 2020",High,Community
233,dodgys-sicilian-tactics-1000-puzzles/course/11653/,Dodgy's Sicilian Tactics - 1000 Puzzles!,Tactics course,"Dodgy (189 ECF, 2046 FIDE)",14.99,14.99,4,5,25,both pieces,1,1,1,1,0,English,"1,886",,1000,16.88,"May 21, 2018",High,Community
234,daily-chess-training-chess-tactics-volume-1/course/28888/,Daily Chess Training: Chess Tactics - Volume 1,Tactics course,"FM chansen64 (2470 Online Rating, 2295 USCF, 2290 FIDE)",15.75,15.75,3,4,0,both pieces,0,1,1,1,0,English,"37,754",,404,28.72,"Nov 29, 2019",High,Titled player
235,the-systematic-kings-gambit/course/26088/,The Systematic King's Gambit,Opening course,ajbobb,15.75,15.75,4,14,10,white pieces,0,1,1,1,1,English,"35,010",,549,6.85,"Nov 29, 2019",High,Community
236,the-audacious-milner-barry-gambit/course/37375/,The Audacious Milner-Barry Gambit,Opening course,CM Jerome Solakian (2280 FIDE),15.99,15.99,4,5,6,white pieces,0,0,1,1,1,English,"13,597",,87,19.57,"May 28, 2020",High,Titled player
237,im-bobulas-dynamic-catalan/course/26077/,IM Bobula’s Dynamic Catalan,Opening course,IM MatBobula (2330 FIDE),24.99,16.99,3,13,15,white pieces,0,1,1,1,0,English,"12,679",29 minutes,120,13.59,"Dec 06, 2019",High,Titled player
238,crush-the-slav-with-the-boor-attack/course/11611/,Crush the Slav with the Boor Attack,Opening course,"FM Boorchess (2700 Online Rating, 2430 USCF, 2350 FIDE)",16.99,16.99,4,17,11,white pieces,0,0,1,1,0,English,"3,843",,42,11.37,"Jun 04, 2018",Medium,Titled player
239,1001-checkmate-exercises-mastering-an-essential-chess-skill/course/27699/,1001 Checkmate Exercises: Mastering An Essential Chess Skill,Tactics course,SamCicero (2200 (best) Online Rating),16.95,16.95,4,21,9,both pieces,0,1,1,1,0,No language,"6,530",,1451,1.75,"Jan 29, 2020",Medium,Community
240,1001-checkmate-exercises-advanced-edition/course/28768/,1001 Checkmate Exercises: Advanced Edition,Tactics course,SamCicero (2200 (best) Online Rating),16.95,16.95,4,3,1,both pieces,0,0,1,1,1,No language,"16,123",,1351,2.18,"May 28, 2020",Medium,Community
241,1001-checkmate-exercises-from-beginner-to-winner/course/21900/,1001 Checkmate Exercises: From Beginner to Winner,Tactics course,SamCicero (2200 (best) Online Rating),16.95,16.95,4,17,13,both pieces,1,1,1,0,0,English,"2,200",,1401,1.18,"Aug 28, 2019",Community,Community
242,chess-tests/course/35171/,Chess Tests,Tactics course,Russell Enterprises,25.95,17.95,0,0,8,both pieces,0,0,1,1,1,No language,"65,863",,226,6.89,"Jul 27, 2020",Community,Publisher
243,the-complete-open-sicilian-for-white-vol-1/course/40869/,The Complete Open Sicilian for White - Vol. 1,Opening course,"NM mn79 (2215 USCF, 2115 FIDE)",25.99,17.99,0,0,0,white pieces,0,0,1,1,1,No language,"42,023",,252,14.67,"Jul 29, 2020",High,Titled player
244,thematic-tactics-the-slow-italian-game/course/15617/,Thematic Tactics: The Slow Italian Game,Tactics course,FM Martin Voigt & IM Dirk Sebastian (2452 FIDE),17.75,17.75,4,23,130,both pieces,0,1,1,1,1,English,"12,286",,410,3.05,"Oct 31, 2018",High,Titled player
245,1e4-a-comprehensive-white-repertoire/course/8209/,1.e4: A Comprehensive White Repertoire,Opening course,"NM logozar (2588 Online Rating, 2226 USCF, 2058 FIDE) officially endorsed",26.99,19.99,4,118,652,white pieces,0,1,1,1,0,English,"153,782",,1252,14.24,"May 23, 2018",High,Titled player
246,1001-brilliant-ways-to-checkmate-21st-century-edition/course/11887/,1001 Brilliant Ways to Checkmate: 21st-Century Edition,Tactics course,Fred Reinfeld & Russell Enterprises,20.99,20.99,4,66,81,both pieces,1,1,1,1,0,English,"10,583",,1001,3.12,"May 30, 2018",Community,Publisher
247,1001-winning-chess-sacrifices-and-combinations-21st-century-edition/course/13444/,1001 Winning Chess Sacrifices and Combinations: 21st-Century Edition,Tactics course,Russell Enterprises,20.99,20.99,4,56,11,both pieces,0,1,1,1,0,English,"20,209",,987,3.34,"Jul 30, 2018",Community,Publisher
248,mastering-mates-1-1111-one-move-mates/course/11134/,"Mastering Mates 1: 1,111 One-Move Mates",Tactics course,Jon Edwards & Russell Enterprises,20.99,20.99,4,58,30,both pieces,1,1,1,0,0,English,0,,1111,35.1,"Apr 11, 2018",Community,Publisher
249,mastering-mates-2-1111-two-move-three-move-four-move-mates/course/11135/,"Mastering Mates 2: 1,111 Two-move, Three-move & Four-move Mates",Tactics course,Jon Edwards & Russell Enterprises,20.99,20.99,4,49,103,both pieces,1,1,1,0,0,English,"6,498",,1111,32.6,"Apr 13, 2018",Community,Publisher
250,learn-chess-the-right-way-book-2-winning-material/course/12367/,Learn Chess the Right Way - Book 2: Winning Material,Tactics course,GM Susan Polgar & Russell Enterprises,21.0,21.0,4,49,21,both pieces,1,1,0,0,0,English,"3,903",,500,1.58,"Jun 22, 2018",Unspecified,Publisher
251,learn-chess-the-right-way-book-5-finding-winning-moves/course/13157/,Learn Chess The Right Way - Book 5: Finding Winning Moves!,Tactics course,GM Susan Polgar & Russell Enterprises,21.0,21.0,4,19,0,both pieces,1,1,0,0,0,English,"3,513",,500,2.05,"Jul 16, 2018",Community,Publisher
252,learn-chess-the-right-way-book-1-must-know-checkmates/course/12192/,Learn Chess the Right Way - Book 1: Must-know Checkmates,Tactics course,GM Susan Polgar & Russell Enterprises,21.0,21.0,4,96,50,both pieces,1,1,0,0,0,English,"5,263",,498,1.12,"Jun 18, 2018",Community,Publisher
253,learn-chess-the-right-way-book-3-mastering-defensive-technique/course/12774/,Learn Chess the Right Way - Book 3: Mastering Defensive Technique,Tactics course,GM Susan Polgar & Russell Enterprises,21.0,21.0,4,49,100,both pieces,1,1,0,0,0,English,"3,447",,500,1.29,"Jul 02, 2018",Community,Publisher
254,learn-chess-the-right-way-book-4-sacrifice-to-win/course/13043/,Learn Chess the Right Way - Book 4: Sacrifice to Win!,Tactics course,GM Susan Polgar & Russell Enterprises,21.0,21.0,4,30,15,both pieces,1,1,0,0,0,English,"1,038",,500,2.37,"Jul 11, 2018",Community,Publisher
255,the-checkmate-patterns-manual/course/17841/,The Checkmate Patterns Manual,Tactics course,IM John Bartholomew & CraftyRaf,31.99,20.99,4,283,751,both pieces,0,1,1,1,0,English,"20,684",1 hour and 16 minutes,913,30.0,"Jul 24, 2019",High,Titled player
256,the-art-of-attack-in-chess/course/24575/,The Art of Attack in Chess,Tactics/Strategy course,IM Vukovic and presented GM Simon Williams & Everyman Chess,27.99,21.99,4,84,239,both pieces,0,1,1,1,1,English,"125,889",2 hours and 43 minutes,217,8.95,"Jul 08, 2019",Community,Publisher
257,chess-principles-reloaded-center/course/39556/,Chess Principles Reloaded - Center,Strategy/Tactics course,IM ChesscoachAndras,21.99,64.98,4,26,300,both pieces,1,1,1,0,0,English,"16,828",35 minutes,126,4.45,"Jul 15, 2020",High,Titled player
258,break-the-rules-play-the-trompowsky/course/19063/,Break the Rules: Play the Trompowsky!,Opening/Tactics course,"FM Kamil Plichta (3129 Online Rating, 2361 FIDE)",21.99,76.98,4,73,135,white pieces,0,1,1,1,1,English,"23,632",1 hour and 2 minutes,121,13.31,"Jan 28, 2019",High,Titled player
259,the-aggressive-queens-gambit-declined/course/35474/,The Aggressive Queens Gambit Declined,Opening course,NM Bryan Tillis (2274 USCF),31.99,21.99,4,11,150,black pieces,1,1,1,1,0,English,"57,534",1 hour and 47 minutes,325,17.31,"Jul 20, 2020",High,Titled player
260,the-principled-queens-gambit-part-2/course/37576/,The Principled Queen's Gambit: Part 2,Opening course,FM Daniel Barrish,31.99,21.99,4,27,27,white pieces,0,1,1,1,1,English,"148,879",1 hour and 48 minutes,388,14.67,"May 04, 2020",High,Titled player
261,the-principled-queens-gambit-part-1/course/35735/,The Principled Queen's Gambit: Part 1,Opening course,FM Daniel Barrish,31.99,21.99,4,49,58,white pieces,0,1,1,1,1,English,"149,101",1 hour and 35 minutes,341,14.35,"Mar 30, 2020",High,Titled player
262,the-london-system-essential-theory/course/15820/,The London System: Essential Theory,Opening course,"IM John Bartholomew (2534 USCF, 2446 FIDE) and",21.0,105.0,4,157,252,white pieces,0,1,1,0,0,English,"22,621",1 hour and 7 minutes,91,9.95,"Nov 19, 2018",High,Titled player
263,the-accelerated-queens-indian-defense-a-full-repertoire-against-1-d4-1-c4-and-1-nf3/course/32956/,"The Accelerated Queen's Indian Defense - a full repertoire against 1. d4, 1. c4 and 1. Nf3",Opening course,"FM Yuriy Krykun (2506 USCF, 2382 FIDE)",30.99,20.99,4,31,211,black pieces,0,1,1,1,1,English,"60,890",1 hour and 48 minutes,332,14.13,"May 11, 2020",High,Titled player
264,the-accelerated-rossolimo/course/35117/,The Accelerated Rossolimo,Opening course,"FM Yuriy Krykun (2506 USCF, 2382 FIDE)",21.99,65.98,4,14,41,white pieces,0,1,1,1,1,English,"22,286",35 minutes,132,13.13,"Apr 03, 2020",High,Titled player
265,the-complete-scotch/course/20476/,The Complete Scotch,Opening course,Chessinblackandwhite (2033 USCF) &,20.99,20.99,4,22,15,white pieces,0,1,1,1,0,No language,"21,149",,198,13.39,"Dec 19, 2019",High,Community
266,1001-chess-exercises-for-beginners/course/8038/,1001 Chess Exercises for Beginners,Tactics course,New in Chess,21.99,21.99,4,462,653,both pieces,1,1,1,0,0,English,"14,238",,967,2.41,"Dec 21, 2017",Community,Publisher
267,1001-chess-exercises-for-club-players/course/21646/,1001 Chess Exercises For Club Players,Tactics course,FM Frank Erwich & New in Chess,21.0,21.0,4,80,419,both pieces,0,1,1,1,0,English,"40,509",,1001,3.76,"Apr 01, 2019",Community,Publisher
268,tactics-time-1/course/21108/,Tactics Time 1,Tactics course,"Tim Brennan, Anthea Carson & New in Chess",21.0,21.0,4,137,228,both pieces,1,1,1,0,0,English,"19,474",,1000,2.11,"Mar 18, 2019",Community,Publisher
269,tactics-time-2/course/24008/,Tactics Time 2,Tactics course,"Tim Brennan, Anthea Carson & New in Chess",21.0,21.0,3,27,151,both pieces,1,1,1,0,0,English,"9,366",,1000,2.0,"Jun 03, 2019",Community,Publisher
270,tournament-ready-checkmates/course/33344/,Tournament Ready: Checkmates,Tactics course,"GM Daniel King, WFM Sarah Longson & UK Chess Challenge",22.99,45.98,4,10,13,white pieces,1,1,0,0,0,English,"5,573",15 minutes,212,1.33,"Apr 06, 2020",High,Publisher
271,tournament-ready-tactics/course/33346/,Tournament Ready: Tactics,Tactics course,"GM Daniel King, WFM Sarah Longson & UK Chess Challenge",22.99,45.98,4,9,6,white pieces,1,1,0,0,0,English,"5,166",18 minutes,244,1.89,"Apr 06, 2020",High,Publisher
272,tournament-ready-the-endgame/course/33413/,Tournament Ready: The Endgame,Tactics/Endgame course,"GM Daniel King, WFM Sarah Longson & UK Chess Challenge",22.99,45.98,4,6,7,white pieces,1,1,0,0,0,English,"5,609",12 minutes,124,3.03,"Apr 06, 2020",High,Publisher
273,tournament-ready-the-opening/course/33414/,Tournament Ready: The Opening,Tactics/Opening course,"GM Daniel King, WFM Sarah Longson & UK Chess Challenge",22.99,45.98,4,8,3,both pieces,1,1,0,0,0,English,"7,465",18 minutes,138,4.2,"Apr 06, 2020",High,Publisher
274,thematic-tactics-caro-kann/course/28538/,Thematic Tactics: Caro-Kann,Tactics course,FM Martin Voigt & IM Dirk Sebastian (2452 FIDE),21.0,21.0,3,9,3,both pieces,0,0,1,1,1,English,"12,730",,398,3.08,"Oct 18, 2019",High,Titled player
275,weekly-checkmates/course/23325/,Weekly Checkmates,Tactics course,"Dodgy (189 ECF, 2046 FIDE)",19.99,19.99,4,26,453,both pieces,1,1,1,0,0,English,30,,5234,1.77,"Jun 26, 2019",High,Community
276,stonewall-middlegames/course/26301/,Stonewall Middlegames,Strategy/Opening course,"FM leopslr (2600 Online Rating, 2346 FIDE)",22.99,22.99,3,5,8,both pieces,0,1,1,1,0,English,"21,460",,266,9.71,"May 15, 2020",Medium,Titled player
277,killer-dutch-middlegames/course/25237/,Killer Dutch Middlegames,Strategy course,"FM leopslr (2600 Online Rating, 2346 FIDE)",21.0,21.0,4,5,1,both pieces,0,1,1,1,1,English,"14,232",,284,5.48,"Nov 11, 2019",High,Titled player
278,my-first-chess-opening-repertoire-for-black/course/9014/,My First Chess Opening Repertoire for Black,Opening course,Vincent Moret & New in Chess,24.95,124.94,4,52,119,black pieces,1,1,1,0,0,English,"77,626",1 hour and 6 minutes,282,13.34,"Feb 19, 2018",Community,Publisher
279,my-first-chess-opening-repertoire-for-white/course/7543/,My First Chess Opening Repertoire for White,Opening course,"Vincent Moret, IM Lorin D'Costa, Nick Murphy & New in Chess",24.95,124.94,4,104,557,white pieces,1,1,0,0,0,English,"52,633",1 hour and 20 minutes,191,13.54,"Oct 25, 2017",Community,Publisher
280,back-to-basics-tactics/course/23488/,Back to Basics: Tactics,Tactics course,CM Dan Heisman Russell Enterprises,22.99,22.99,4,45,21,both pieces,1,1,1,0,0,English,"36,755",,604,2.43,"May 17, 2019",Community,Publisher
281,improve-your-chess-tactics-700-practical-lessons-exercises/course/8527/,Improve Your Chess Tactics: 700 Practical Lessons & Exercises,Tactics course,Yakov Neishtadt & New in Chess,24.5,56.0,4,194,336,both pieces,0,1,1,1,0,English,"49,915",1 hour and 18 minutes,730,3.55,"Feb 05, 2018",Community,Publisher
282,the-power-of-pawns-chess-structures-fundamentals-for-post-beginners/course/21159/,The Power of Pawns: Chess Structures Fundamentals for Post-Beginners,Strategy course,GM Jörg Hickl & New in Chess,25.5,25.5,4,26,25,both pieces,0,1,1,1,0,English,"69,529",,248,16.98,"Apr 23, 2019",Community,Publisher
283,invisible-chess-moves/course/17330/,Invisible Chess Moves,Tactics course,IM Yochanan Afek and FM Emmanuel Neiman & New in Chess,25.5,25.5,4,12,8,both pieces,0,1,1,1,0,English,"38,410",,201,5.79,"Feb 12, 2019",Community,Titled player
284,the-vienna-game-rekindled/course/26820/,The Vienna Game: Rekindled,Opening course,GM marianpetrov,25.5,25.5,4,20,8,white pieces,0,1,1,1,1,English,"11,518",,92,17.76,"Oct 28, 2019",High,Titled player
285,tune-your-chess-tactics-antenna/course/23034/,Tune Your Chess Tactics Antenna,Tactics course,FM Emmanuel Neiman & New in Chess,26.5,26.5,4,90,302,both pieces,1,1,1,1,0,English,"33,361",,255,23.6,"May 10, 2019",Community,Publisher
286,the-modernized-colle-zukertort-attack/course/29156/,The Modernized Colle-Zukertort Attack,Opening course,GM Milos Pavlovic & Thinkers Publishing,26.95,26.95,4,11,16,white pieces,0,1,1,1,1,English,"41,182",,454,17.48,"Dec 12, 2019",Community,Publisher
287,the-100-endgames-you-must-know-workbook-practical-endgames-exercises-for-every-chess-player/course/24420/,The 100 Endgames You Must Know Workbook: Practical Endgames Exercises for Every Chess Player,Endgame course,GM Jesús de la Villa & New in Chess,27.99,27.99,4,51,265,both pieces,0,1,1,1,1,English,"57,954",,0,6.59,"Jul 01, 2019",Community,Publisher
288,the-hyper-accelerated-dragon-a-full-repertoire-for-black/course/8300/,The Hyper Accelerated Dragon: A Full Repertoire for Black,Opening course,IM Raja Panjwani & Thinkers Publishing,26.95,26.95,4,81,115,black pieces,0,0,1,1,0,English,"74,375",,226,18.11,"Jan 17, 2018",Community,Publisher
289,chess-pattern-recognition-for-beginners/course/25906/,Chess Pattern Recognition for Beginners,Strategy/Tactics course,IM Arthur van de Oudeweetering & New in Chess,26.5,26.5,4,24,15,both pieces,1,1,1,0,0,English,"50,523",,161,28.2,"Aug 01, 2019",Community,Publisher
290,train-your-chess-pattern-recognition/course/35541/,Train Your Chess Pattern Recognition,Strategy/Tactics course,New in Chess,27.95,27.95,4,7,6,both pieces,0,0,1,1,1,English,"73,757",,259,20.7,"Mar 23, 2020",Unspecified,Publisher
291,french-defense-the-solid-rubinstein-variation/course/8636/,French Defense: The Solid Rubinstein Variation,Opening course,IM Hannes Langrock & Russell Enterprises,26.5,26.5,4,9,512,black pieces,0,0,1,1,0,English,"141,243",,633,15.43,"Oct 10, 2018",Community,Publisher
292,endgame-virtuoso-magnus-carlsen/course/25442/,Endgame Virtuoso Magnus Carlsen,Endgame course,IM Tibor Karolyi & New in Chess,26.5,26.5,4,12,35,both pieces,0,0,1,1,0,English,"93,748",,0,11.2,"Jul 29, 2019",Community,Publisher
293,recognizing-your-opponents-resources-developing-preventive-thinking/course/21206/,Recognizing Your Opponent's Resources: Developing Preventive Thinking,Tactics/Strategy course,IM Mark Dvoretsky & Russell Enterprises,26.5,26.5,4,19,690,both pieces,0,0,1,1,1,English,"157,912",,518,6.88,"Apr 08, 2019",Community,Publisher
294,strategic-chess-exercises/course/16565/,Strategic Chess Exercises,Tactics/Strategy course,GM Emmanuel Bricard & New in Chess,26.5,26.5,4,19,10,both pieces,0,1,1,1,0,English,"82,436",,88,21.24,"Feb 18, 2019",Community,Publisher
295,game-changer-alphazeros-groundbreaking-chess-strategies-and-the-promise-of-ai-/course/19061/,Game Changer: AlphaZero's Groundbreaking Chess Strategies and the Promise of AI,Strategy/Tactics course,"GM Matthew Sadler, WIM Natasha Regan & New in Chess",26.5,26.5,4,36,178,both pieces,0,0,1,1,1,English,"110,889",,148,17.94,"Feb 01, 2019",Community,Publisher
296,chesscafe-puzzle-book-1-test-and-improve-your-tactical-vision/course/22611/,ChessCafe Puzzle Book 1: Test and Improve Your Tactical Vision,Tactics course,GM Karsten Müller & Russell Enterprises,26.5,26.5,4,5,0,both pieces,0,1,1,1,0,English,"37,025",,598,6.45,"Apr 24, 2019",Community,Publisher
297,chesscafe-puzzle-book-3-test-and-improve-your-defensive-skill/course/19799/,ChessCafe Puzzle Book 3: Test And Improve Your Defensive Skill,Tactics course,GM Müller and IM van Delft & Russell Enterprises,26.5,26.5,4,3,20,both pieces,0,1,1,1,0,English,"58,417",,345,10.0,"Feb 27, 2019",Community,Publisher
298,chess-lessons-solving-problems-avoiding-mistakes-by-mark-dvoretsky/course/34506/,Chess Lessons: Solving Problems & Avoiding Mistakes by Mark Dvoretsky,Tactics course,Russell Enterprises,26.99,26.99,0,0,46,both pieces,0,0,1,1,1,English,"189,541",,298,8.95,"Jun 12, 2020",High,Publisher
299,studies-for-practical-players-improving-calculation-and-resourcefulness-in-the-endgame/course/19170/,Studies for Practical Players: Improving Calculation and Resourcefulness in the Endgame,Tactics/Endgame course,Mark Dvoretsky & Russell Enterprises,26.5,26.5,4,16,166,both pieces,0,0,1,1,1,English,"73,334",,187,8.03,"Jan 30, 2019",Unspecified,Publisher
300,mastering-chess-middlegames/course/10057/,Mastering Chess Middlegames,Strategy course,GM Alexander Panchenko & New in Chess,26.5,105.5,4,62,191,both pieces,0,0,1,1,0,English,"78,500",2 hours and 12 minutes,317,6.18,"May 21, 2018",Community,Publisher
301,play-1d6-against-everything/course/13376/,Play 1...d6 Against Everything,Opening course,New in Chess,26.5,26.5,4,55,168,black pieces,0,1,1,1,0,English,"88,411",,361,13.92,"Jul 23, 2018",Community,Publisher
302,lifetime-repertoires-black-vs-the-english-rti-and-sidelines/course/39554/,"Lifetime Repertoires: Black vs the English, Réti and sidelines",Opening course,GM samshankland,25.99,89.98,4,40,52,black pieces,0,1,1,1,1,English,"32,374",52 minutes,207,11.9,"Jun 08, 2020",High,Titled player
303,annas-anatomy-of-the-attack-same-side-castling/course/37539/,Anna's Anatomy of The Attack: Same-Side Castling,Strategy/Tactics course,IM Anna_Chess,27.99,82.98,4,30,284,both pieces,0,0,1,1,1,English,"47,040",33 minutes,108,6.6,"Apr 27, 2020",High,Titled player
304,master-the-french-defense/course/13624/,Master the French Defense,Opening course,GM Lenderman & NM Bryan Tillis (2274 USCF),26.99,129.98,4,139,300,black pieces,1,1,1,0,0,English,"48,903",1 hour and 41 minutes,460,12.5,"Oct 01, 2018",High,Titled player
305,the-najdorf-sicilian-simplified/course/20483/,The Najdorf Sicilian: Simplified,Opening course,GM Alex Colovic,27.99,137.98,4,96,279,black pieces,0,1,1,1,0,English,"25,782",54 minutes,97,16.79,"Mar 04, 2019",Medium,Titled player
306,french-toast-how-harikrishna-fries-1-e6/course/21489/,French Toast: How Harikrishna fries 1... e6,Opening course,GM Harikrishna (2730 FIDE),27.95,137.94,4,53,458,white pieces,0,1,1,1,1,English,"66,035",55 minutes,416,16.01,"May 03, 2019",High,Titled player
307,queens-gambit-declined-a-grandmaster-explains/course/3758/,Queen's Gambit Declined: A Grandmaster Explains,Opening course,GM Alex Colovic,27.99,106.99,4,88,400,black pieces,0,1,1,1,0,English,"25,663",2 hours and 11 minutes,223,15.09,"Nov 23, 2016",Medium,Titled player
308,fight-like-nakamura-play-1-b3/course/22462/,Fight like Nakamura: Play 1. b3!,Opening/Tactics course,"IM Ahmad_Alkhatib (2359 Online Rating, 2271 FIDE)",27.99,27.99,4,93,68,white pieces,1,1,1,1,0,English,"32,826",,238,14.21,"Apr 26, 2019",High,Titled player
309,break-down-anti-sicilians/course/31178/,Break Down Anti-Sicilians,Opening course,GM Alex Colovic,27.99,137.98,5,20,67,black pieces,0,1,1,1,1,No language,"43,424",60 minutes,187,13.37,"Jan 13, 2020",High,Titled player
310,alekhine-defense-the-dark-knight-rises/course/15881/,Alekhine Defense - The Dark Knight Rises,Opening/Tactics course,GM Roman Dzindzichashvili & NM Bryan Tillis (2274 USCF),26.99,106.98,4,87,488,black pieces,0,1,1,1,0,English,"44,994",1 hour and 1 minute,321,12.62,"Jun 24, 2019",High,Titled player
311,fight-like-kramnik-play-1-nf3-the-rti/course/25868/,Fight Like Kramnik: Play 1. Nf3! - The Réti,Opening/Tactics course,"IM Ahmad_Alkhatib (2359 Online Rating, 2271 FIDE)",27.99,27.99,4,26,58,white pieces,1,1,1,1,0,English,"41,713",,394,14.19,"Aug 26, 2019",High,Titled player
312,sabotage-the-slav/course/37224/,Sabotage the Slav,Opening course,GM Boris Avrukh,26.99,149.98,0,0,7,white pieces,0,0,1,1,1,English,"26,265",1 hour and 20 minutes,329,16.8,"Jul 17, 2020",High,Titled player
313,sharp-middle-games-a-practical-guide-to-chess-calculation/course/17599/,Sharp Middle Games: A Practical Guide to Chess Calculation,Tactics/Strategy course,"GM GORMALLY (242 ECF, 2509 FIDE)",26.99,89.98,4,26,190,both pieces,0,1,1,1,0,English,"61,981",34 minutes,210,3.73,"Apr 05, 2019",Medium,Titled player
314,the-chess-toolbox-1-exchange-your-way-to-victory/course/27419/,The Chess Toolbox 1 - Exchange your Way to Victory,Strategy course,IM Willemze (2400 FIDE) &,26.5,84.0,4,26,47,both pieces,0,1,1,1,1,English,"25,566",45 minutes,99,4.6,"Feb 21, 2020",High,Titled player
315,openings-oddities/course/28285/,Openings Oddities,Opening course,NM Bryan Tillis (2274 USCF),26.99,26.99,4,8,11,black pieces,0,1,1,1,0,English,"65,889",,375,15.72,"Dec 20, 2019",High,Titled player
316,beating-the-english/course/18011/,Beating The English,Opening course,GM Dejan Bojkov,26.5,152.5,4,21,25,black pieces,0,1,1,1,0,English,"53,875",38 minutes,204,16.92,"Dec 24, 2018",High,Titled player
317,the-razor-sharp-rauzer-sicilian/course/29167/,The Razor Sharp Rauzer Sicilian,Opening course,"FM AmroElJawich (2563 Online Rating, 2309 FIDE)",26.5,26.5,4,7,16,black pieces,0,1,1,1,1,English,"13,326",,123,17.86,"Jan 15, 2020",High,Titled player
318,winning-endgame-tactics-2-advanced-queen-maneuvers/course/25419/,Winning Endgame Tactics 2: Advanced Queen Maneuvers,Endgame/Tactics course,IM Willemze (2400 FIDE),26.5,47.5,5,9,13,both pieces,0,0,1,1,1,English,"17,475",21 minutes,41,3.74,"Nov 06, 2019",High,Titled player
319,winning-endgame-tactics-1-queen-maneuvers/course/25980/,Winning Endgame Tactics 1: Queen Maneuvers,Endgame/Tactics course,IM Willemze (2400 FIDE),26.5,47.5,5,18,89,both pieces,1,1,1,0,0,English,"9,222",17 minutes,50,1.83,"Oct 04, 2019",High,Titled player
320,the-wild-wild-benoni/course/20736/,The Wild Wild Benoni,Opening course,"FM Boorchess (2700 Online Rating, 2430 USCF, 2350 FIDE)",26.99,26.99,4,19,62,black pieces,0,1,1,1,0,English,"23,085",,138,16.61,"Sep 09, 2019",Medium,Titled player
321,breathe-fire-the-dragon-sicilian/course/30278/,Breathe Fire: The Dragon Sicilian,Opening/Tactics course,"IM Ahmad_Alkhatib (2359 Online Rating, 2271 FIDE)",26.5,26.5,5,12,45,black pieces,0,1,1,1,0,English,"37,037",,218,15.87,"Dec 03, 2019",High,Titled player
322,the-tp-chess-puzzle-book/course/11077/,The TP Chess Puzzle Book,Tactics course,IM Souledis & IM Sebastian @ Thinkers Publishing,26.5,26.5,5,10,1,both pieces,0,0,1,1,0,English,"54,199",,308,6.71,"Apr 09, 2018",Community,Publisher
323,understanding-before-moving-1-ruy-lopez-italian-structures/course/17783/,Understanding Before Moving 1: Ruy Lopez - Italian Structures,Opening/Tactics course,IM Herman Grooten & Thinkers Publishing,27.5,27.5,4,25,26,both pieces,1,1,1,0,0,No language,"46,066",,35,12.74,"Jan 21, 2019",Community,Publisher
324,improve-your-chess-pattern-recognition/course/14311/,Improve Your Chess Pattern Recognition,Tactics/Strategy course,IM Arthur van de Oudeweetering & New in Chess,28.5,28.5,4,39,51,both pieces,0,1,1,1,0,English,"86,765",,281,11.72,"Sep 19, 2018",Community,Publisher
325,the-fundamentals-1-build-up-your-chess/course/19145/,The Fundamentals 1: Build Up Your Chess,Tactics/Strategy course,GM Artur Yusupov & Quality Chess,31.5,31.5,4,228,580,both pieces,0,1,1,1,0,English,"40,843",,538,5.02,"Feb 15, 2019",Community,Publisher
326,forcing-chess-moves/course/13824/,Forcing Chess Moves,Tactics course,FM Charles Hertan & New in Chess,32.99,32.99,4,102,187,both pieces,0,1,1,1,0,English,"59,737",,706,4.74,"Aug 28, 2018",Community,Publisher
327,the-fundamentals-2-boost-your-chess/course/14534/,The Fundamentals 2: Boost Your Chess,Tactics/Strategy course,GM Artur Yusupov & Quality Chess,31.5,31.5,4,35,256,both pieces,0,1,1,1,0,English,"45,563",,482,5.69,"Oct 07, 2019",Community,Publisher
328,grandmaster-preparation-positional-play/course/24674/,Grandmaster Preparation: Positional Play,Tactics/Strategy course,GM Jacob Aagaard & Quality Chess,31.5,31.5,4,22,101,both pieces,0,0,0,1,1,English,"78,537",,227,10.69,"Oct 10, 2019",Community,Publisher
329,grandmaster-preparation-calculation/course/16536/,Grandmaster Preparation: Calculation,Tactics/Strategy course,GM Jacob Aagaard & Quality Chess,31.5,31.5,4,26,132,both pieces,0,0,0,1,1,No language,"88,525",,388,7.43,"Jan 07, 2019",Community,Publisher
330,mayhem-in-the-morra/course/22327/,Mayhem In The Morra,Opening/Tactics course,IM Marc Esserman & Quality Chess,31.5,31.5,4,51,220,white pieces,0,1,1,1,1,English,"111,684",,739,17.31,"May 13, 2019",Community,Publisher
331,dismantling-the-sicilian-a-complete-modern-repertoire-for-white/course/15726/,Dismantling the Sicilian: A Complete Modern Repertoire for White,Opening course,"GM Jesus de la Villa, GM Max Illingworth & New in Chess",31.5,31.5,4,27,34,white pieces,0,0,1,1,0,English,"134,169",,455,21.3,"Nov 07, 2018",Community,Publisher
332,gambit-killer/course/24718/,Gambit Killer,Opening/Tactics course,GM Ivan Salgado Lopez & Thinkers Publishing,31.5,31.5,0,0,10,both pieces,0,1,1,1,0,English,"52,811",,221,14.4,"Jul 15, 2019",Community,Publisher
333,the-agile-london-system/course/11073/,The Agile London System,Opening course,"GM Romero, FM de Prado & New in Chess",31.5,31.5,4,31,42,white pieces,0,0,0,1,0,English,"156,192",,333,14.21,"Apr 25, 2018",Community,Publisher
334,lifetime-repertoires-caro-kann/course/37366/,Lifetime Repertoires: Caro-Kann,Opening course,GM erwinlami (2620 FIDE),41.99,31.99,4,35,143,black pieces,0,1,1,1,1,English,"101,318",2 hours and 4 minutes,821,15.44,"Jul 06, 2020",High,Titled player
335,the-jobava-london-system/course/28333/,The Jobava London System,Opening course,GM GingerGM,31.99,135.98,4,200,728,white pieces,0,1,1,1,0,English,"52,339",1 hour and 23 minutes,202,13.73,"Oct 21, 2019",Medium,Titled player
336,the-black-lion/course/34040/,The Black Lion,Opening course,GM GingerGM,32.99,159.98,4,81,287,black pieces,0,1,1,1,1,English,"83,255",1 hour and 34 minutes,234,14.73,"Mar 09, 2020",Medium,Titled player
337,anti-anti-sicilians/course/42393/,Anti Anti-Sicilians,Opening course,"FM Kamil Plichta (3129 Online Rating, 2361 FIDE)",31.99,154.98,4,10,0,black pieces,0,1,1,1,1,English,"58,162",2 hours and 45 minutes,559,12.64,"Jun 25, 2020",High,Titled player
338,four-horsemen-the-sicilian-4-knights-defense/course/33443/,Four Horsemen: The Sicilian 4 Knights Defense,Opening course,"FM Kamil Plichta (3129 Online Rating, 2361 FIDE)",31.99,134.98,4,18,275,black pieces,0,1,1,1,1,English,"29,971",52 minutes,227,18.37,"Mar 02, 2020",High,Titled player
339,reign-supreme-the-kings-indian-attack/course/26170/,Reign Supreme: The King's Indian Attack,Opening course,"FM Kamil Plichta (3129 Online Rating, 2361 FIDE)",31.99,134.98,4,44,371,white pieces,0,1,1,1,1,English,"48,318",1 hour and 18 minutes,265,17.15,"Aug 23, 2019",High,Titled player
340,the-ascent-wesley-sos-fischer-random-strategies-and-tactics/course/31697/,The Ascent - Wesley So's Fischer Random Strategies and Tactics,Tactics/Strategy course,GM WesleySo,32.99,164.98,4,10,21,both pieces,0,1,1,1,1,English,"26,434",1 hour and 3 minutes,259,5.61,"Apr 20, 2020",High,Titled player
341,too-hot-to-handle-the-kings-indian-defense/course/29795/,Too Hot To Handle: The King's Indian Defense,Opening/Tactics course,"FM Kamil Plichta (3129 Online Rating, 2361 FIDE)",32.99,197.98,4,45,227,black pieces,0,1,1,1,1,English,"95,538",1 hour and 44 minutes,419,16.53,"Dec 16, 2019",High,Titled player
342,go-for-the-throat-play-1d4/course/23159/,Go for The Throat: Play 1.d4,Opening course,"FM Kamil Plichta (3129 Online Rating, 2361 FIDE)",32.99,197.98,4,56,63,white pieces,0,0,1,1,1,English,"50,877",2 hours and 2 minutes,625,17.3,"May 06, 2019",High,Titled player
343,the-modern-defense-against-everything/course/27749/,The Modern Defense Against Everything,Opening course,"CM Vjekoslav (2600 Online Rating, 2177 FIDE)",31.99,199.98,4,14,10,black pieces,0,1,1,1,1,English,"157,313",1 hour and 55 minutes,604,13.82,"Feb 10, 2020",High,Titled player
344,the-killer-dutch-rebooted/course/21812/,The Killer Dutch Rebooted,Opening course,GM GingerGM,31.99,159.98,4,122,694,black pieces,0,1,1,1,0,English,"81,356",1 hour and 17 minutes,378,13.75,"Sep 02, 2019",Community,Titled player
345,unleash-the-bull-1e5-a-full-repertoire-for-black/course/25866/,Unleash the Bull: 1...e5 - a full repertoire for Black,Opening course,"FM Yuriy Krykun (2506 USCF, 2382 FIDE)",31.99,104.98,4,37,55,black pieces,0,1,1,1,1,English,"44,178",50 minutes,293,15.16,"Aug 12, 2019",High,Titled player
346,mating-the-castled-king/course/27540/,Mating the Castled King,Tactics course,GM Daniel Gormally and Quality Chess,31.5,178.5,4,18,404,both pieces,0,1,1,1,1,English,"78,024",33 minutes,391,8.23,"Nov 08, 2019",Community,Publisher
347,chess-strategy-for-club-players/course/27755/,Chess Strategy for Club Players,Strategy/Tactics course,IM Herman Grooten & New in Chess,31.5,31.5,4,44,60,both pieces,0,1,1,1,0,English,"187,424",,435,8.34,"Nov 25, 2019",Community,Publisher
348,chess-tactics-from-scratch-understanding-chess-tactics/course/27821/,Chess Tactics from Scratch - Understanding Chess Tactics,Tactics course,FM Martin Weteschnik & Quality Chess,31.5,31.5,4,27,53,both pieces,0,1,1,1,0,English,"70,330",,629,4.02,"Sep 27, 2019",Community,Publisher
349,positional-decision-making-in-chess/course/26702/,Positional Decision Making in Chess,Strategy/Tactics course,GM Boris Gelfand & Quality Chess,31.5,31.5,4,7,14,both pieces,0,0,1,1,1,English,"109,269",,278,9.41,"Nov 27, 2019",Community,Publisher
350,understanding-before-moving-2-queens-gambit-structures/course/20739/,Understanding Before Moving 2: Queen's Gambit Structures,Opening course,IM Herman Grooten & Thinkers Publishing,31.5,31.5,4,11,10,both pieces,1,1,1,0,0,English,"52,015",,58,12.4,"Mar 19, 2019",Community,Publisher
351,understanding-before-moving-3-sicilian-structures-part-1-najdorf-scheveningen/course/36229/,Understanding Before Moving 3: Sicilian Structures Part 1 - Najdorf & Scheveningen,Opening course,IM Herman Grooten & Thinkers Publishing,33.5,33.5,4,7,56,both pieces,1,1,1,0,0,English,"116,098",,46,20.17,"Apr 17, 2020",Medium,Publisher
352,chess-calculation-training-middlegames/course/12376/,Chess Calculation Training: Middlegames,Tactics/Strategy course,GM Romain Edouard & Thinkers Publishing,32.95,32.95,4,61,27,both pieces,0,0,1,1,1,English,"24,976",,393,3.84,"Jun 27, 2018",Community,Publisher
353,chess-calculation-training-2-endgames/course/13323/,Chess Calculation Training 2: Endgames,Tactics/Endgame course,Romain Edouard & Thinkers Publishing,33.95,33.95,4,38,20,both pieces,0,0,1,1,1,English,"40,451",,356,4.66,"Aug 06, 2018",Community,Publisher
354,chess-calculation-training-3-legendary-games/course/15877/,Chess Calculation Training 3: Legendary Games,Tactics course,GM Romain Edouard & Thinkers Publishing,36.95,36.95,4,13,26,both pieces,0,0,1,1,1,English,"18,794",,452,3.67,"Oct 22, 2018",Community,Publisher
355,small-steps-to-giant-improvement/course/16078/,Small Steps To Giant Improvement,Strategy course,GM Sam Shankland & Quality Chess,35.5,182.5,4,62,265,both pieces,0,0,1,1,1,English,"86,710",50 minutes,308,7.42,"Nov 15, 2018",Community,Publisher
356,dvoretskys-endgame-manual/course/12519/,Dvoretsky's Endgame Manual,Endgame course,Mark Dvoretsky & Russell Enterprises,36.5,36.5,4,225,542,both pieces,0,0,1,1,1,English,"203,915",,785,7.17,"Sep 03, 2018",Community,Publisher
357,van-perlos-endgame-tactics/course/13663/,Van Perlo's Endgame Tactics,Tactics/Endgame course,New in Chess,36.5,36.5,4,74,141,both pieces,0,1,1,1,1,English,"146,048",,990,5.53,"Aug 20, 2018",Community,Publisher
358,small-steps-2-success/course/28829/,Small Steps 2 Success,Strategy/Endgame course,Quality Chess,37.0,142.0,5,12,57,both pieces,0,0,1,1,1,English,"105,544",1 hour and 22 minutes,270,11.95,"Nov 19, 2019",Community,Publisher
359,chess-structures-a-grandmaster-guide/course/14540/,Chess Structures - A Grandmaster Guide,Strategy course,GM Mauricio Flores Rios & Quality Chess,37.0,37.0,4,59,189,both pieces,0,1,1,1,1,English,"179,271",,666,10.21,"Mar 25, 2019",Community,Publisher
360,my-great-predecessors-part-4/course/29726/,My Great Predecessors: Part 4,Tactics/Strategy course,Everyman Chess,36.99,36.99,4,8,0,both pieces,0,1,1,1,1,English,"334,155",,587,10.4,"Dec 24, 2019",Community,Publisher
361,my-great-predecessors-part-2/course/25417/,My Great Predecessors: Part 2,Strategy/Tactics course,GM Garry Kasparov & Everyman Chess,36.99,36.99,4,8,14,both pieces,0,1,1,1,1,English,"308,945",,764,10.22,"Aug 05, 2019",Community,Publisher
362,my-great-predecessors-part-3/course/27014/,My Great Predecessors: Part 3,Strategy/Tactics course,Everyman Chess,36.99,36.99,4,8,15,both pieces,0,1,1,1,1,English,"199,702",,432,10.42,"Oct 11, 2019",Community,Publisher
363,my-great-predecessors-part-1/course/22994/,My Great Predecessors: Part 1,Strategy/Tactics course,GM Garry Kasparov & Everyman Chess,36.99,36.99,4,31,30,both pieces,0,1,1,1,1,English,"286,543",,774,10.44,"May 27, 2019",High,Publisher
364,e3-poison-a-21st-century-opening-repertoire/course/23336/,e3 Poison - a 21st Century Opening Repertoire,Opening course,GM Axel Smith & Quality Chess,37.0,37.0,4,8,20,white pieces,0,1,1,1,1,English,"125,826",,511,13.79,"May 30, 2019",Community,Publisher
365,my-great-predecessors-part-5/course/34892/,My Great Predecessors: Part 5,Tactics/Strategy course,GM Garry Kasparov Everyman Chess,36.99,36.99,0,0,35,both pieces,0,1,1,1,1,English,"287,609",,326,13.34,"Jul 10, 2020",Medium,Publisher
366,the-modernized-caro-kann/course/12760/,The Modernized Caro-Kann,Opening course,GM Daniel Fernandez & Thinkers Publishing,38.0,38.0,4,22,21,black pieces,0,0,1,1,0,English,"96,580",,267,17.13,"Jul 09, 2018",Community,Publisher
367,the-woodpecker-method/course/10582/,The Woodpecker Method,Tactics course,"GM Axel Smith, GM Hans Tikkanen & Quality Chess",40.0,40.0,4,662,"3,560",both pieces,0,0,1,1,1,English,"79,539",,1129,3.61,"Sep 24, 2018",Community,Publisher
368,lifetime-repertoires-semi-slav/course/31529/,Lifetime Repertoires: Semi-Slav,Opening course,GM samshankland,43.99,175.98,4,91,"1,064",black pieces,0,1,1,1,1,English,"48,573",1 hour and 24 minutes,491,14.4,"Apr 06, 2020",High,Titled player
369,lifetime-repertoires-nimzo-ragozin/course/17354/,Lifetime Repertoires: Nimzo-Ragozin,Opening course,FM Daniel Barrish and,43.99,183.98,4,65,390,black pieces,0,1,1,1,1,English,"97,695",1 hour and 37 minutes,468,13.03,"Oct 14, 2019",High,Titled player
370,fight-like-magnus-the-sicilian/course/28512/,Fight Like Magnus: The Sicilian,Opening course,IM Chessexplained,44.99,214.98,4,136,722,black pieces,0,1,1,1,1,English,"79,836",2 hours and 2 minutes,458,15.12,"Nov 14, 2019",High,Titled player
371,fight-1e4-like-caruana/course/15717/,Fight 1.e4 like Caruana,Opening course,IM Chessexplained,44.99,199.98,4,63,170,black pieces,0,0,1,1,0,English,"51,757",3 hours and 46 minutes,671,13.07,"Nov 13, 2018",High,Titled player
372,keep-it-simple-1-d4/course/23396/,Keep it Simple: 1. d4,Opening course,IM Chessexplained,43.99,213.98,4,135,"1,014",white pieces,0,1,1,1,0,English,"107,292",3 hours and 21 minutes,1008,13.67,"Jun 07, 2019",High,Titled player
373,keep-it-simple-1e4/course/10179/,Keep It Simple: 1.e4,Opening course,IM Chessexplained,44.99,189.98,4,323,"1,021",white pieces,0,1,1,1,0,English,"59,309",3 hours and 28 minutes,701,12.41,"Mar 12, 2018",High,Titled player
374,the-magnus-touch-chess-strategy/course/39478/,The Magnus Touch: Chess Strategy,Strategy/Tactics course,"GM Nielsen, IM Sielecki, IM Bartholomew & GM MagnusCarlsen",44.99,110.98,4,28,150,both pieces,0,1,1,1,1,English,"35,446",27 minutes,155,4.57,"May 18, 2020",High,Titled player
377,lifetime-repertoires-jan-gustafssons-1-e4-e5/course/28860/,Lifetime Repertoires: Jan Gustafsson's 1. e4 e5,Opening course,GM Jan Gustafsson &,54.99,279.98,4,125,557,black pieces,0,0,1,1,1,English,"89,965",2 hours and 53 minutes,1312,15.33,"Dec 09, 2019",High,Titled player
